proposal_id,proposed_label,proposed_type,inferred_type,inferred_type_confidence,claim_count,card_count,tags,example_claim_1,example_claim_2,best_candidate_label,best_candidate_score,best_candidate_evidence,cluster_size,recommended_disposition,confidence,reason,recommended_canonical_label,recommended_type,recommended_target_id,needs_full_db_recheck,impact_score
55021820-5e32-4575-8eb6-b04cc73e5fcf,Radial,condition,anatomy_structure,0.8,12,11,SnapOrtho::CasePrep|SnapOrtho::CasePrep::brobot_decks_distal_radius_orif,The Brachioradialis is innervated by Radial.,"The Nerve lesion - Muscular impairment radial is brachioradialis, supinator weakness.",Radial Nerve,0.7,elided_form_containment|token_jaccard_0.50|type_compatible,,DEFER_NEEDS_REVIEW,0.7,multi_sense_risk_nerve+tear,,,,true,62
af6cf0c6-8704-4159-8574-c4fc0ffcc6d2,Femoral,condition,anatomy_structure,0.8,10,10,SnapOrtho::CasePrep|SnapOrtho::CasePrep::brobot_decks_distal_radius_orif,The Vastus Intermedius is innervated by Femoral.,The Vastus medialis is innervated by Femoral.,Femoral Nerve,0.7,elided_form_containment|token_jaccard_0.50|type_compatible,2,ALIAS_EXISTING,0.7,elided_nerve_form_with_innervation_context,,anatomy_structure,0bb7c697-1b07-40bd-80e1-484e46ef6d98,false,59
b9dac7b9-a638-4407-8ecd-aebc84ae0c8d,Median,condition,anatomy_structure,0.8,9,9,SnapOrtho::CasePrep|SnapOrtho::CasePrep::brobot_decks_distal_radius_orif,"The Flexor Digitorum Profundus (FDP) is innervated by Median, ulnar.",The Pronator Quadratus is innervated by Median.,Median Nerve,0.7,elided_form_containment|token_jaccard_0.50|type_compatible,,ALIAS_EXISTING,0.7,elided_nerve_form_with_innervation_context,,anatomy_structure,b8c22ec6-1383-4b7e-ae89-a4e598722eb6,false,54
ac38bbd3-fce8-4315-851a-78619c8119a4,Ulnar,condition,anatomy_structure,0.8,7,7,SnapOrtho::CasePrep|SnapOrtho::CasePrep::brobot_decks_distal_radius_orif,The Deep head is innervated by Ulnar.,The Opponens Digiti Minimi is innervated by Ulnar.,Ulnar Nerve,0.7,elided_form_containment|token_jaccard_0.50|type_compatible,,ALIAS_EXISTING,0.7,elided_nerve_form_with_innervation_context,,anatomy_structure,cd78780a-9a5d-4838-aa0b-fe8d0a642a06,false,44
9675f554-d7d2-401b-8ff0-652e844fee2c,Obturator,condition,anatomy_structure,0.8,7,8,SnapOrtho::CasePrep|SnapOrtho::CasePrep::brobot_decks_distal_radius_orif,The Obturator Externus is innervated by Obturator.,The Adductor longus is innervated by Obturator.,,,,,PROMOTE_CANONICAL,0.7,reusable_label_multi_claim_support_expanded_elided_nerve,Obturator nerve,anatomy_structure,,true,43
2b9d854d-e462-4dd6-8b86-9440230d8cba,Tibial,condition,anatomy_structure,0.8,7,7,SnapOrtho::CasePrep|SnapOrtho::CasePrep::brobot_decks_distal_radius_orif,The Plantaris is innervated by Tibial.,The Flexor Hallucis Longus (FHL) is innervated by Tibial.,Tibial Plateau,0.7,elided_form_containment|token_jaccard_0.50|type_compatible,,PROMOTE_CANONICAL,0.7,reusable_label_multi_claim_support_expanded_elided_nerve,Tibial nerve,anatomy_structure,,true,41
36cbd56c-59e6-4df3-8659-88ca33e3c21e,Infection,condition,condition,0.85,7,7,SnapOrtho::CasePrep|SnapOrtho::CasePrep::brobot_decks_distal_radius_orif,Three absolute contraindications to THA includes Infection.,Infection.,,,,,REJECT_TOO_GENERIC,0.75,generic_seed_no_canonical_target,,,,true,39
4f0efd38-7e7a-4a8c-8262-7e8a33068e16,Anterolateral,condition,condition,0.35,7,7,SnapOrtho::CasePrep|SnapOrtho::CasePrep::brobot_decks_distal_radius_orif,The bundles of the PCL are Anterolateral.,The most vulnerable to fracture is Anterolateral.,,,,,DEFER_NEEDS_REVIEW,0.5,low_support_ambiguous_label,,condition,,true,39
a9b42e42-d07e-49ad-8757-c42df6df3f83,MRI,imaging_finding,diagnostic_test,0.95,7,7,SnapOrtho::CasePrep|SnapOrtho::CasePrep::brobot_decks_distal_radius_orif,The best test to evaluate herniated nucleus pulposus (HNP) is MRI.,"The 3 y/o F presents with pain and swelling of right thigh for past 3 weeks. Fevers as high as 100.4 degrees. Normal WBC, ESR, and CRP. Radiographs shown below. Next step are MRI.",,,,,DEFER_NEEDS_REVIEW,0.6,acronym_needs_expansion_review,,diagnostic_test,,true,39
75f770db-7355-45c5-8eff-aee213816dea,Radial-PIN,condition,condition,0.35,6,6,SnapOrtho::CasePrep|SnapOrtho::CasePrep::brobot_decks_distal_radius_orif,The Extensor Indicis Proprius is innervated by Radial-PIN.,The Extensor pollicis longus (EPL) is innervated by Radial-PIN.,PIN,0.7,elided_form_containment|token_jaccard_0.50|type_compatible,,ALIAS_EXISTING,0.6,moderate_candidate_score_0.70,,anatomy_structure,72031bf2-a184-4835-88c9-117c16a3f69b,false,39
0bafc2db-1890-4b1c-8d03-b35704d78d89,Deep peroneal,condition,anatomy_structure,0.8,6,6,SnapOrtho::CasePrep|SnapOrtho::CasePrep::brobot_decks_distal_radius_orif,The Extensor Digitorum Longus (EDL) is innervated by Deep peroneal.,The Extensor Hallucis Brevis (EHB) is innervated by Deep peroneal.,,,,,PROMOTE_CANONICAL,0.7,reusable_label_multi_claim_support_expanded_elided_nerve,Deep peroneal nerve,anatomy_structure,,true,36
0fd81358-494f-42e5-893f-0f13ff18961f,Humerus,condition,anatomy_structure,0.9,6,6,SnapOrtho::CasePrep|SnapOrtho::CasePrep::brobot_decks_distal_radius_orif,The Latissimus dorsi insertion is Humerus.,How are the bones numbered in the AO/OTA classification 1) Humerus.,,,,,PROMOTE_CANONICAL,0.7,reusable_label_multi_claim_support,Humerus,anatomy_structure,,true,36
7d7c5f57-9fa1-4d98-815d-2ba27fe3f2a3,Adduction,condition,biomechanics_concept,0.8,6,6,SnapOrtho::CasePrep|SnapOrtho::CasePrep::brobot_decks_distal_radius_orif,"The Latissimus dorsi action is Adduction, extension, internal rotation.",The Adductor Magnus action is Adduction.,,,,,PROMOTE_CANONICAL,0.7,reusable_label_multi_claim_support,Adduction,biomechanics_concept,,true,36
8267ef38-9e2f-4b2b-85c1-cce6c066b142,Lateral plantar,condition,anatomy_structure,0.8,6,5,SnapOrtho::CasePrep|SnapOrtho::CasePrep::brobot_decks_distal_radius_orif,The Plantar interossei is innervated by Lateral plantar.,The Dorsal interossei is innervated by Lateral plantar.,,,,,PROMOTE_CANONICAL,0.7,reusable_label_multi_claim_support_expanded_elided_nerve,Lateral plantar nerve,anatomy_structure,,true,34
20d136a1-574b-4a2a-8c33-4a69e586f120,External rotation,condition,biomechanics_concept,0.8,5,6,SnapOrtho::CasePrep|SnapOrtho::CasePrep::brobot_decks_distal_radius_orif,The Obturator Externus action is External rotation.,The sacrospinous ligaments resist External Rotation.,Short External Rotators,0,type_mismatch,,PROMOTE_CANONICAL,0.7,reusable_label_multi_claim_support,External rotation,biomechanics_concept,,true,33
17907c6b-23fe-448e-86a7-93b1a414466f,Varus,condition,biomechanics_concept,0.8,5,5,,The order of clubfoot deformity correction with the ponseti method is Varus.,"Following talar neck fracture , the most common direction of chronic malunion is Varus.",,,,,PROMOTE_CANONICAL,0.7,reusable_label_multi_claim_support,Varus,biomechanics_concept,,true,31
4f8722c9-bd08-46da-85c3-9fcace0b1e23,Musculocutaneous,condition,anatomy_structure,0.8,5,5,SnapOrtho::CasePrep|SnapOrtho::CasePrep::brobot_decks_distal_radius_orif,The Biceps Brachii is innervated by Musculocutaneous.,The Nerve lesion - Muscular impairment musculocutaneous is Biceps and brachialis weakness.,,,,2,PROMOTE_CANONICAL,0.7,reusable_label_multi_claim_support_expanded_elided_nerve,Musculocutaneous nerve,anatomy_structure,,true,31
7a4a2dfa-d653-4fdd-82b0-a5d39ba9e162,Abduction,condition,biomechanics_concept,0.8,5,5,SnapOrtho::CasePrep|SnapOrtho::CasePrep::brobot_decks_distal_radius_orif,The Deltoid action is Abduction.,"The Interosseous action is Dorsal IO - Abduction, Palmar IO - Adduction.",,,,,PROMOTE_CANONICAL,0.7,reusable_label_multi_claim_support,Abduction,biomechanics_concept,,true,31
11dee81d-fda4-42e5-860a-ba7e8864be7a,ORIF,condition,fixation_method,0.85,5,5,SnapOrtho::CasePrep|SnapOrtho::CasePrep::brobot_decks_distal_radius_orif,The Treatement is ORIF.,The different treatment modalities (7) for fixing pediatric femoral shaft fractures are ORIF.,,,,,DEFER_NEEDS_REVIEW,0.6,acronym_needs_expansion_review,,fixation_method,,true,29
391fb3d5-1f6b-43e6-819b-0fc8ae71cd94,Observation,condition,condition,0.35,5,5,SnapOrtho::CasePrep|SnapOrtho::CasePrep::brobot_decks_distal_radius_orif,First-line treatment for hip subluxation/dislocation in patients with arthrogryposis : Observation.,Three (3) treatment options for non-ossifying fibromas: Observation.,,,,,REJECT_TOO_GENERIC,0.75,generic_seed_no_canonical_target,,,,true,29
950c4899-a039-455b-814e-7090d60d42cb,Sciatic,condition,anatomy_structure,0.8,5,5,SnapOrtho::CasePrep|SnapOrtho::CasePrep::brobot_decks_distal_radius_orif,The Biceps femoris: Short head is innervated by Sciatic.,The Semitendinosus is innervated by Sciatic.,Sciatic Nerve,0.7,elided_form_containment|token_jaccard_0.50|type_compatible,,DEFER_NEEDS_REVIEW,0.7,multi_sense_risk_head+nerve,,,,true,29
a7f416e1-e2f4-47ba-8b24-2649502d97ca,Posterolateral,condition,condition,0.35,5,5,SnapOrtho::CasePrep|SnapOrtho::CasePrep::brobot_decks_distal_radius_orif,The bundles of the ACL are Posterolateral.,Elbow dislocations most commonly occur posterolateral.,Posterolateral Corner,0.9,elided_form_containment|trigram_0.76|token_jaccard_0.50|type_compatible,,DEFER_NEEDS_REVIEW,0.6,ambiguous_elision_needs_sense_review,,,c1719d7a-f6ec-4a8d-aa17-0405f30ffeeb,true,29
1c506ca6-d51c-43d1-8ee4-542c714bdb1b,Medial plantar,condition,anatomy_structure,0.8,4,4,SnapOrtho::CasePrep|SnapOrtho::CasePrep::brobot_decks_distal_radius_orif,The Flexor Hallucis Brevis is innervated by Medial plantar.,The Abductor Hallicus is innervated by Medial plantar.,,,,,PROMOTE_CANONICAL,0.7,reusable_label_multi_claim_support_expanded_elided_nerve,Medial plantar nerve,anatomy_structure,,true,26
2faf31cd-1245-467b-82e2-27683636c13a,Metatarsus adductus,condition,condition,0.35,4,4,,The other conditions (3) that should also be looked for in a patient with Developmental Dysplasia of the Hip are Metatarsus adductus.,The most common in infants is Toddlers ? Children ? Infants: Metatarsus adductus.,,,,,PROMOTE_CANONICAL,0.7,reusable_label_multi_claim_support,Metatarsus adductus,condition,,true,26
67c39906-a7e7-49f9-838c-bae12a55cfc6,Elbow dislocation,condition,condition,0.85,4,4,,The terrible triad of the elbow is Elbow dislocation.,The injury that should be considered with a coronoid fracture is Elbow dislocation.,,,,,PROMOTE_CANONICAL,0.7,reusable_label_multi_claim_support,Elbow dislocation,condition,,true,26
80cded43-f6bc-454a-82ab-c56edb4803b7,Femoral anteversion,condition,biomechanics_concept,0.8,4,4,SnapOrtho::CasePrep|SnapOrtho::CasePrep::brobot_decks_distal_radius_orif,The #1 cause of intoeing in children is Femoral anteversion.,The most common in infants is Toddlers ? Children ? Children: Femoral anteversion.,,,,,PROMOTE_CANONICAL,0.7,reusable_label_multi_claim_support,Femoral anteversion,biomechanics_concept,,true,26
8a441734-8dd9-4dbd-8f7e-abaafa28c24c,Supination,condition,biomechanics_concept,0.8,4,4,SnapOrtho::CasePrep|SnapOrtho::CasePrep::brobot_decks_distal_radius_orif,"The Biceps Brachii action is Supination, flexion forearm.",The primary function of the long head of the biceps is Supination.,,,,,PROMOTE_CANONICAL,0.7,reusable_label_multi_claim_support,Supination,biomechanics_concept,,true,26
c4664ceb-8076-435a-8837-22fce7aaca0e,Synostosis,complication,condition,0.85,4,4,SnapOrtho::CasePrep|SnapOrtho::CasePrep::brobot_decks_distal_radius_orif,The complication that may occur following ORIF of a both bone forearm fracture through a single incision is Synostosis.,The more common with single and double distal biceps incision repairs is Synostosis (Single incision).,,,,,PROMOTE_CANONICAL,0.7,reusable_label_multi_claim_support,Synostosis,condition,,true,26
df141b50-ddde-4ba9-85a7-7872f36cb94e,Arthrodesis,condition,procedure,0.9,4,4,,The most commonly performed procedure for hallux rigidus is Arthrodesis.,The treatment recommended for a purely ligamentous Lisfranc injury is Arthrodesis.,,,,,PROMOTE_CANONICAL,0.7,reusable_label_multi_claim_support,Arthrodesis,procedure,,true,26
2f961f07-666b-474c-89e5-ce892daa37b8,Extend,condition,condition,0.35,4,4,SnapOrtho::CasePrep|SnapOrtho::CasePrep::brobot_decks_distal_radius_orif,"The Biceps femoris: Short head action is Extend thigh, flex leg.","The Semitendinosus action is Extend thigh, flex leg.",,,,,REJECT_NON_ENTITY,0.85,verb_fragment_answer_token,,,,false,24
61f37a48-81b7-4694-8cc4-87e6d50cf56b,Transverse,condition,condition,0.35,4,4,SnapOrtho::CasePrep|SnapOrtho::CasePrep::brobot_decks_distal_radius_orif,The bundles (3) of the MUCL are Transverse.,"In the spine, avulsion fractures most commonly occur at the transverse processes.",,,,,DEFER_NEEDS_REVIEW,0.5,low_support_ambiguous_label,,condition,,true,24
7ef3d031-7db7-400f-85ea-7222defd353e,LCL,condition,condition,0.35,4,4,SnapOrtho::CasePrep|SnapOrtho::CasePrep::brobot_decks_distal_radius_orif,"In knee extension , the LCL provides rotational stability of the lateral knee .","When a patient suffers a terrible triad injury of the elbow , LCL.",Lateral Collateral Ligament,0.65,acronym_expansion|type_compatible,,DEFER_NEEDS_REVIEW,0.7,multi_sense_risk_knee+elbow,,,,true,24
80f6c71e-2023-40a5-852e-538fb05f9dde,False!,condition,condition,0.35,4,4,SnapOrtho::CasePrep|SnapOrtho::CasePrep::brobot_decks_distal_radius_orif,"True or false: In stage III SLAC, the radiolunate joint is arthritic. False!",Gender is a risk factor for elder abuse . False.,,,,2,REJECT_NON_ENTITY,0.9,boolean_answer_token,,,,false,24
9a347897-1750-460f-8481-d2f9ceca8d20,dorsal,condition,condition,0.35,4,4,SnapOrtho::CasePrep|SnapOrtho::CasePrep::brobot_decks_distal_radius_orif,"At the peroneal tubercle, the peroneal brevis lies dorsal to the peroneal longus.",SLAC presents with dorsal intercalated segment instability.,,,,,DEFER_NEEDS_REVIEW,0.5,low_support_ambiguous_label,,condition,,true,24
9d25af7d-5df0-4e47-85bd-a7a2b4559bdf,Cortical,condition,condition,0.35,4,4,SnapOrtho::CasePrep|SnapOrtho::CasePrep::brobot_decks_distal_radius_orif,Cortical bone is made of packed osteons or Haversian systems and has a slow turnover rate .,"Polymethylmethacrylate (PMMA), AKA bone cement, has a modulus of elasticity between cortical and cancellous bone.",,,,,DEFER_NEEDS_REVIEW,0.5,low_support_ambiguous_label,,condition,,true,24
a141ea20-6884-457d-87f8-6307304686af,Posteromedial,condition,condition,0.35,4,4,SnapOrtho::CasePrep|SnapOrtho::CasePrep::brobot_decks_distal_radius_orif,The bundles of the PCL are Posteromedial.,In Posteromedial.,,,,,DEFER_NEEDS_REVIEW,0.5,low_support_ambiguous_label,,condition,,true,24
dbc1e34b-10ca-409a-8577-dc5f346d61e6,Anteromedial,condition,condition,0.35,4,4,SnapOrtho::CasePrep|SnapOrtho::CasePrep::brobot_decks_distal_radius_orif,The anterior drawer primarily tests Anteromedial.,The bundles of the ACL are Anteromedial.,,,,,DEFER_NEEDS_REVIEW,0.5,low_support_ambiguous_label,,condition,,true,24
f39ef840-910d-4fff-89e9-d6734490f635,intramembranous,condition,condition,0.35,4,4,SnapOrtho::CasePrep|SnapOrtho::CasePrep::brobot_decks_distal_radius_orif,Fractures with rigid fixation will heal with intramembranous ossification .,The main types (3) of ossification are Intramembranous.,,,,,DEFER_NEEDS_REVIEW,0.5,low_support_ambiguous_label,,condition,,true,24
85e4d8e6-0a4e-4026-82ed-69dad2db7eb2,Fracture,condition,condition,0.85,4,3,SnapOrtho::CasePrep|SnapOrtho::CasePrep::brobot_decks_distal_radius_orif,"In the following populations, sprain is more common than a fracture (Fracture) (Pediatrics).","In the following populations, sprain is more common than a fracture (Fracture) (Geriatric).",,,,2,REJECT_TOO_GENERIC,0.75,generic_seed_no_canonical_target,,,,true,22
13d7edd1-4320-4bd3-8944-675b78831223,Excision,condition,procedure,0.9,3,3,SnapOrtho::CasePrep|SnapOrtho::CasePrep::brobot_decks_distal_radius_orif,The surgical treatment options (3) for radial head fractures are Excision.,The four (4) operative strategies for treating radial head fractures are Excision.,,,,,PROMOTE_CANONICAL,0.7,reusable_label_multi_claim_support,Excision,procedure,,true,21
186294ed-856a-4168-8e6f-a2f4c2245be8,medial epicondyle,condition,anatomy_structure,0.6,3,3,SnapOrtho::CasePrep|SnapOrtho::CasePrep::brobot_decks_distal_radius_orif,The anterior bundle of the MCL runs from the medial epicondyle to the sublime tubercle (aka medial coronoid process).,"The Flexor Carpi Ulnaris originates from medial epicondyle, posterior ulna.",,,,,PROMOTE_CANONICAL,0.7,reusable_label_multi_claim_support,medial epicondyle,anatomy_structure,,true,21
21bc186a-303c-458d-8bb3-4247359dbeb0,Scoliosis,condition,condition,0.85,3,3,SnapOrtho::CasePrep|SnapOrtho::CasePrep::brobot_decks_distal_radius_orif,The three (3) orthopaedic manifestations of spinal muscular atrophy are Scoliosis.,Five (5) orthopedic manifestations of CMT: Scoliosis.,,,,,PROMOTE_CANONICAL,0.7,reusable_label_multi_claim_support,Scoliosis,condition,,true,21
23ddd6de-0b40-40c6-8654-0c8d68a93c1f,Knee,condition,anatomy_structure,0.9,3,3,SnapOrtho::CasePrep|SnapOrtho::CasePrep::brobot_decks_distal_radius_orif,Knee has the highest incidence of osteoarthritis.,Pigmented villonodular synovitis (PVNS) most commonly affects Knee.,,,,,PROMOTE_CANONICAL,0.7,reusable_label_multi_claim_support,Knee,anatomy_structure,,true,21
28657312-7879-4bb2-8837-f6e5e583499a,Plantar flex foot,condition,condition,0.35,3,3,SnapOrtho::CasePrep|SnapOrtho::CasePrep::brobot_decks_distal_radius_orif,The Peroneus Longus action is Plantar flex foot.,The Gastrocnemius action is Plantar flex foot.,,,,,PROMOTE_CANONICAL,0.7,reusable_label_multi_claim_support,Plantar flex foot,condition,,true,21
2fede6df-ca6a-4f6c-8b1a-fd84607f879f,Musculocutaneous nerve,anatomy_structure,anatomy_structure,0.9,3,3,SnapOrtho::CasePrep|SnapOrtho::CasePrep::brobot_decks_distal_radius_orif,"With humeral nailing , the nerve at risk when placing a distal anterior to posterior screw is Musculocutaneous nerve.",The innervation (2) of the brachialis muscle is Musculocutaneous nerve (Medial 2/3).,,,,,PROMOTE_CANONICAL,0.7,reusable_label_multi_claim_support,Musculocutaneous nerve,anatomy_structure,,true,21
34c379ba-8c0b-42f8-8185-61feca2fa725,Ceramic on ceramic,condition,condition,0.35,3,3,,The three (3) most common bearing combinations for THA are Ceramic on ceramic.,Squeaking can be seen with Ceramic on ceramic.,,,,2,PROMOTE_CANONICAL,0.7,reusable_label_multi_claim_support,Ceramic on ceramic,condition,,true,21
3612b16f-1d26-4354-814f-72739f4fed76,Lateral femoral cutaneous nerve,anatomy_structure,anatomy_structure,0.9,3,3,SnapOrtho::CasePrep|SnapOrtho::CasePrep::brobot_decks_distal_radius_orif,The most at risk with placement of AIIS pin during external fixation of pelvic ring fracture is Lateral femoral cutaneous nerve.,The most commonly injured structure during the ilioinguinal approach is Lateral femoral cutaneous nerve.,,,,2,PROMOTE_CANONICAL,0.7,reusable_label_multi_claim_support,Lateral femoral cutaneous nerve,anatomy_structure,,true,21
4790ad46-7807-4f37-843c-9c1ed9cb4e0e,pronation,condition,biomechanics_concept,0.8,3,3,SnapOrtho::CasePrep|SnapOrtho::CasePrep::brobot_decks_distal_radius_orif,"Following repair/reconstruction of the LCL, physical therapists should work on flexion/extension exercises with the arm in pronation.",The MCL is tighter in pronation than in supination.,,,,,PROMOTE_CANONICAL,0.7,reusable_label_multi_claim_support,pronation,biomechanics_concept,,true,21
54b14c05-0899-4fce-810d-93bc38f000e8,Base of 5th metatarsal,condition,anatomy_structure,0.9,3,3,SnapOrtho::CasePrep|SnapOrtho::CasePrep::brobot_decks_distal_radius_orif,The Flexor Digiti Minimi Brevis (FDMB) originates from Base of 5th metatarsal.,The Peroneus tertius insertion is Base of 5th metatarsal.,,,,,PROMOTE_CANONICAL,0.7,reusable_label_multi_claim_support,Base of 5th metatarsal,anatomy_structure,,true,21
57a7145a-bd8b-44f3-8930-b990c96005ee,Scapula,condition,anatomy_structure,0.9,3,3,SnapOrtho::CasePrep|SnapOrtho::CasePrep::brobot_decks_distal_radius_orif,The Levator Scapulae insertion is Scapula.,The Rhomboid minor insertion is Scapula.,,,,,PROMOTE_CANONICAL,0.7,reusable_label_multi_claim_support,Scapula,anatomy_structure,,true,21
6836c6e5-a18e-45e1-8173-f358e8187798,Radial head fracture,condition,condition,0.85,3,3,,The terrible triad of the elbow is Radial head fracture.,The terrible triad elbow injury is Radial head fracture.,,,,,PROMOTE_CANONICAL,0.7,reusable_label_multi_claim_support,Radial head fracture,condition,,true,21
6e9371d5-0394-498b-869d-94492dc59a2a,Medial cuneiform,condition,anatomy_structure,0.6,3,3,SnapOrtho::CasePrep|SnapOrtho::CasePrep::brobot_decks_distal_radius_orif,The insertion of the tibialis anterior tendon is Medial cuneiform.,The Lisfranc ligament connects Medial cuneiform.,,,,,PROMOTE_CANONICAL,0.7,reusable_label_multi_claim_support,Medial cuneiform,anatomy_structure,,true,21
7368f3c8-4a32-476f-82d8-c11576f2bdb8,Linea aspera,condition,anatomy_structure,0.6,3,3,SnapOrtho::CasePrep|SnapOrtho::CasePrep::brobot_decks_distal_radius_orif,"The Biceps femoris: Short head originates from Linea aspera, supracondylar line.",The Adductor longus insertion is Linea aspera.,,,,,PROMOTE_CANONICAL,0.7,reusable_label_multi_claim_support,Linea aspera,anatomy_structure,,true,21
7f19bd0d-a2fa-4c4c-813c-7d643aff8dc2,Lateral epicondyle,condition,anatomy_structure,0.6,3,3,SnapOrtho::CasePrep|SnapOrtho::CasePrep::brobot_decks_distal_radius_orif,The Extensor Digiti Minimi (EDM) originates from Lateral epicondyle.,The lateral ulner collateral ligament runs from the lateral epicondyle to the supinator crest of the ulna.,,,,,PROMOTE_CANONICAL,0.7,reusable_label_multi_claim_support,Lateral epicondyle,anatomy_structure,,true,21
814f7e5d-47c6-4d1e-88cb-09193bc07dad,Nerve to obturator internus,condition,anatomy_structure,0.9,3,3,SnapOrtho::CasePrep|SnapOrtho::CasePrep::brobot_decks_distal_radius_orif,What structures (4) traverse the lesser sciatic notch Nerve to obturator internus.,The Superior Gemellus is innervated by Nerve to obturator internus.,,,,,PROMOTE_CANONICAL,0.7,reusable_label_multi_claim_support,Nerve to obturator internus,anatomy_structure,,true,21
94aa3313-c278-4d81-8168-e7636ac31f6c,IT band,condition,anatomy_structure,0.6,3,3,SnapOrtho::CasePrep|SnapOrtho::CasePrep::brobot_decks_distal_radius_orif,"The Gluteus maximus insertion is IT band, gluteal tuberosity.","When performing lateral releases during TKA , the released if there is tightness in extension is IT band.",,,,,PROMOTE_CANONICAL,0.7,reusable_label_multi_claim_support,IT band,anatomy_structure,,true,21
962cd7a5-f86c-4a7f-8aea-f09a8ded1116,semimembranosus,condition,anatomy_structure,0.9,3,3,SnapOrtho::CasePrep|SnapOrtho::CasePrep::brobot_decks_distal_radius_orif,Baker cysts are parameniscal cysts and usually located between the semimembranosus and the gastrocnemius (medial head).,A Baker's cyst most commonly occurs between Semimembranosus.,,,,,PROMOTE_CANONICAL,0.7,reusable_label_multi_claim_support,semimembranosus,anatomy_structure,,true,21
a8df4b8e-1141-49cb-8acd-31cd56bc64ce,Suprascapular nerve,anatomy_structure,anatomy_structure,0.9,3,3,SnapOrtho::CasePrep|SnapOrtho::CasePrep::brobot_decks_distal_radius_orif,The nerve at risk with arthroscopic SLAP repair is Suprascapular nerve.,A cyst in the suprascapular notch affects Suprascapular nerve.,,,,,PROMOTE_CANONICAL,0.7,reusable_label_multi_claim_support,Suprascapular nerve,anatomy_structure,,true,21
b3dd7430-ffab-47cf-85a7-6f64024e91f7,posterior wall,condition,condition,0.35,3,3,SnapOrtho::CasePrep|SnapOrtho::CasePrep::brobot_decks_distal_radius_orif,The visualized is posterior wall.,The this is Posterior wall.,,,,,PROMOTE_CANONICAL,0.7,reusable_label_multi_claim_support,posterior wall,condition,,true,21
bd8f6429-86c2-48d7-8e84-7345e9ab950f,valgus,condition,biomechanics_concept,0.8,3,3,SnapOrtho::CasePrep|SnapOrtho::CasePrep::brobot_decks_distal_radius_orif,MCL injuries can occur in pitchers due to excessive valgus stress.,Excising the tibial sesamoid may lead to hallux valgus.,,,,,PROMOTE_CANONICAL,0.7,reusable_label_multi_claim_support,valgus,biomechanics_concept,,true,21
beffdbb1-2202-4543-8865-ca67463bb5f9,Dorsal scapular,condition,condition,0.35,3,3,SnapOrtho::CasePrep|SnapOrtho::CasePrep::brobot_decks_distal_radius_orif,The Levator Scapulae is innervated by Dorsal scapular.,The Rhomboid minor is innervated by Dorsal scapular.,,,,,PROMOTE_CANONICAL,0.7,reusable_label_multi_claim_support,Dorsal scapular,condition,,true,21
c3721bf3-f541-4d07-8c37-ea098790aaa6,Annular ligament,condition,anatomy_structure,0.9,3,3,SnapOrtho::CasePrep|SnapOrtho::CasePrep::brobot_decks_distal_radius_orif,B - Annular ligament.,Interposition of Annular ligament.,Anterior Talofibular Ligament,0.1,type_compatible,,PROMOTE_CANONICAL,0.7,reusable_label_multi_claim_support,Annular ligament,anatomy_structure,,true,21
e99d4a2f-8120-4a51-800b-5089de8328c9,Ischial tuberosity,condition,anatomy_structure,0.9,3,3,SnapOrtho::CasePrep|SnapOrtho::CasePrep::brobot_decks_distal_radius_orif,The Semitendinosus originates from Ischial tuberosity.,The Semimembranosus originates from Ischial tuberosity.,,,,,PROMOTE_CANONICAL,0.7,reusable_label_multi_claim_support,Ischial tuberosity,anatomy_structure,,true,21
e9dd1faf-6123-4b39-8454-05f34753f1bd,Tibial torsion,condition,condition,0.35,3,3,SnapOrtho::CasePrep|SnapOrtho::CasePrep::brobot_decks_distal_radius_orif,Tibial torsion is the most common cause of intoeing gait in the pediatric population.,The thigh-foot angle is used to evaluate Tibial torsion.,,,,,PROMOTE_CANONICAL,0.7,reusable_label_multi_claim_support,Tibial torsion,condition,,true,21
f0501643-9ac1-4bc6-8ca1-05aae6e07c44,Hawkins,condition,exam_maneuver,0.85,3,3,SnapOrtho::CasePrep|SnapOrtho::CasePrep::brobot_decks_distal_radius_orif,The Hawkins sign can be seen following talar neck fracture 6-8 weeks after the fracture on mortise radiographs. This is a subchondral lucency that indicates intact vasculature with resorption of subchondral bone .,The special test is Hawkins.,,,,,PROMOTE_CANONICAL,0.7,reusable_label_multi_claim_support,Hawkins,exam_maneuver,,true,21
04c2e85f-ec3a-4647-813a-d21247171957,Anterior and posterior,condition,condition,0.35,3,3,,3+ levels compression Anterior and posterior.,The compartments (2) of the upper arm are Anterior and Posterior.,,,,,REJECT_CONTEXT_DEPENDENT,0.7,composite_conjunction_label,,,,false,19
06fd7d2e-2b8a-4b3a-8099-b5d8d8142024,External,condition,condition,0.35,3,3,SnapOrtho::CasePrep|SnapOrtho::CasePrep::brobot_decks_distal_radius_orif,The patient injured their left femoral shaft and underwent IM nailing . The present based on this CT is External rotation malalignment of 13 degrees.,The three types of Snapping Hip Syndrome are External.,,,,,DEFER_NEEDS_REVIEW,0.5,low_support_ambiguous_label,,condition,,true,19
29f1a674-b61e-406b-89e7-848fa5f59abc,Cancellous,condition,condition,0.35,3,3,SnapOrtho::CasePrep|SnapOrtho::CasePrep::brobot_decks_distal_radius_orif,"Cancellous bone is spongy , has bony struts organized into a loose network , and has a high turnover to remodel .",Osteoporosis is common in cancellous bone.,,,,,DEFER_NEEDS_REVIEW,0.5,low_support_ambiguous_label,,condition,,true,19
6b87a683-b5fa-4c21-8788-30ec624a49bc,Fractures,condition,condition,0.85,3,3,,Six (6) orthopedic manifestations of arthrogryposis: Fractures.,The four (4) most common traumatic etiologies for compartment syndrome of the leg are Fractures.,,,,2,MERGE_PROPOSALS,0.8,duplicate_cluster_member_shared_match_key,,,,true,19
888dbe90-5e16-4ff0-89c4-59333e86ac23,Swelling,condition,condition,0.35,3,3,SnapOrtho::CasePrep|SnapOrtho::CasePrep::brobot_decks_distal_radius_orif,Six (6) things to inspect when performing a shoulder exam: Swelling.,What three (3) physical exam findings associated with Morel-Lavallee Lesions (MLL) Swelling.,,,,,REJECT_TOO_GENERIC,0.75,generic_seed_no_canonical_target,,,,true,19
8961705a-867f-4ca4-8dcb-f69e946e43c9,Endochondral,condition,condition,0.35,3,3,SnapOrtho::CasePrep|SnapOrtho::CasePrep::brobot_decks_distal_radius_orif,The main types (3) of ossification are Endochondral.,Long bones are formed by endochondral ossification.,,,,,DEFER_NEEDS_REVIEW,0.5,low_support_ambiguous_label,,condition,,true,19
8a525109-0d98-4ed2-8e76-1f1128c906d7,Compression,condition,condition,0.35,3,3,SnapOrtho::CasePrep|SnapOrtho::CasePrep::brobot_decks_distal_radius_orif,Compression fracture involves anterior half of the vertebral body.,Bone is strongest and weakest in compression (Strongest).,,,,,DEFER_NEEDS_REVIEW,0.5,low_support_ambiguous_label,,condition,,true,19
95f346ac-dbf1-4dc2-85d3-197108782e48,internal,condition,condition,0.35,3,3,SnapOrtho::CasePrep|SnapOrtho::CasePrep::brobot_decks_distal_radius_orif,"For lateral triplane fractures , they should reduced with an internal rotation force.",The three types of Snapping Hip Syndrome are Internal.,,,,,DEFER_NEEDS_REVIEW,0.5,low_support_ambiguous_label,,condition,,true,19
d44b9e5f-4499-4a86-8209-f83788c99ed4,Instability,complication,condition,0.85,3,3,SnapOrtho::CasePrep|SnapOrtho::CasePrep::brobot_decks_distal_radius_orif,Five complications following ankle fracture: Instability.,The Five (5) complications following ORIF of a terrible triad injury of the elbow are Instability.,,,,,REJECT_TOO_GENERIC,0.75,generic_seed_no_canonical_target,,,,true,19
d47bd2b7-b21d-4d23-8dbf-ef1391e83c45,Interosseous,condition,condition,0.35,3,3,,"The foot compartment(s) that can be assessed at the following locations is second, third, and fourth webspaces (Interosseous).",The compartments (5) of the foot are Interosseous.,Interosseous Membrane,0.9,elided_form_containment|trigram_0.70|token_jaccard_0.50|type_compatible,,DEFER_NEEDS_REVIEW,0.6,single_token_elision_needs_sense_review,,,33c820ef-8fcc-4962-90a6-36a95624ec05,true,19
e989f549-60fd-4bda-83ce-d685f408a186,high,condition,condition,0.35,3,3,,"Nutrient artery systems for bone circulation are high pressure, while periosteal systems are low pressure.",High energy impact results in wedge or short oblique fracture with significant comminution with fibular fracture at same level.,,,,,REJECT_TOO_GENERIC,0.75,generic_seed_no_canonical_target,,,,true,19
eaecba2c-05ce-4b81-831d-67c9ace290ac,Extend leg,condition,condition,0.35,3,3,SnapOrtho::CasePrep|SnapOrtho::CasePrep::brobot_decks_distal_radius_orif,The Vastus Intermedius action is Extend leg.,The Vastus medialis action is Extend leg.,,,,,REJECT_NON_ENTITY,0.85,verb_fragment_answer_token,,,,false,19
ee8873a1-2163-4499-8e07-d79a89207fb1,True,condition,condition,0.35,3,3,,True or False is Intramembranous bone formation occurs without a cartilage model . True.,True or false. Lymphoma is widely sensitive to radiation. True.,,,,,REJECT_NON_ENTITY,0.9,boolean_answer_token,,,,false,19
eefbb133-662d-4d16-8865-a897ed10d130,Normal,condition,condition,0.35,3,3,SnapOrtho::CasePrep|SnapOrtho::CasePrep::brobot_decks_distal_radius_orif,Intelligence is Normal.,The stages of posterior tibial tendon insufficiency (PTTI) are Normal (Stage I).,,,,,REJECT_TOO_GENERIC,0.75,generic_seed_no_canonical_target,,,,true,19
f8020ba6-916e-4ce2-87f7-9b6393098f26,Dorsiflex,condition,condition,0.35,3,3,SnapOrtho::CasePrep|SnapOrtho::CasePrep::brobot_decks_distal_radius_orif,"The Extensor Digitorum Longus (EDL) action is Dorsiflex, extend toes.","The Peroneus tertius action is Dorsiflex, evert foot.",,,,,REJECT_NON_ENTITY,0.85,verb_fragment_answer_token,,,,false,19
32fc83a2-d150-4501-8eac-2ade0536cf89,Superficial peroneal,condition,anatomy_structure,0.8,2,2,SnapOrtho::CasePrep|SnapOrtho::CasePrep::brobot_decks_distal_radius_orif,The Peroneus Longus is innervated by Superficial peroneal.,The Peroneus brevis is innervated by Superficial peroneal.,Superficial Peroneal Nerve,0.9,elided_form_containment|trigram_0.83|token_jaccard_0.67|type_compatible,,ALIAS_EXISTING,0.75,strong_candidate_score_0.90,,anatomy_structure,5a16b93a-d689-4dc3-bd29-7e0b5d9a4298,false,15
57abeaa2-eee5-4fcc-8462-0561c02c622b,Deep posterior,condition,condition,0.35,2,2,,The compartments (4) of the lower leg are Deep posterior.,The most commonly inadequately released in the lower leg is Deep Posterior.,Deep Posterior Compartment,0.7,elided_form_containment|token_jaccard_0.67|type_compatible,,ALIAS_EXISTING,0.6,moderate_candidate_score_0.70,,anatomy_structure,fe5a6bf7-94b6-4cff-8338-fb3cb041d1db,false,15
a1fc1b25-9ff4-4d8e-8d2a-32dcf6ab540c,PCL,condition,condition,0.35,2,2,SnapOrtho::CasePrep|SnapOrtho::CasePrep::brobot_decks_distal_radius_orif,The this is PCL.,PCL injury typically occurs during hyperextension (such as stepping into a hole) or direct blow to flexed knee.,Posterior Cruciate Ligament,0.65,acronym_expansion|type_compatible,,ALIAS_EXISTING,0.6,moderate_candidate_score_0.65,,anatomy_structure,ffca4b51-3055-40f8-b65e-771336fbf194,false,15
ba291f4d-6135-4605-8e1d-7752a5086df0,FDP tendons,condition,anatomy_structure,0.6,2,2,SnapOrtho::CasePrep|SnapOrtho::CasePrep::brobot_decks_distal_radius_orif,The Lumbricals originates from FDP tendons.,The origin of the lumbrical muscles is FDP tendons.,FDP,0.7,elided_form_containment|token_jaccard_0.50|type_compatible,,ALIAS_EXISTING,0.6,moderate_candidate_score_0.70,,anatomy_structure,f7b1d430-204f-40a3-b926-c9412a1bf23b,false,15
633b74af-d276-4ff2-87b0-d6a3e777a26e,AC and CC ligament disruption,condition,anatomy_structure,0.9,4,1,SnapOrtho::CasePrep|SnapOrtho::CasePrep::brobot_decks_distal_radius_orif,"In Rockwood classification for acromioclavicular injury, Type III is AC and CC ligament disruption.","In Rockwood classification for acromioclavicular injury, Type IV is AC and CC ligament disruption.",,,,2,REJECT_CONTEXT_DEPENDENT,0.7,composite_conjunction_label,,,,false,14
501da901-d6b8-4df9-8400-9ad0882d5eb7,Neutral,condition,condition,0.35,3,2,,The Mallet Toe mtp is Neutral.,The Mallet Toe pip is Neutral.,,,,,DEFER_NEEDS_REVIEW,0.5,low_support_ambiguous_label,,condition,,true,13
003e4972-41ff-42f2-8f03-6310b7cd5dd1,Sprain,condition,condition,0.85,2,2,SnapOrtho::CasePrep|SnapOrtho::CasePrep::brobot_decks_distal_radius_orif,"In the following populations, sprain is more common than a fracture (Adults).",Ankle sprain is Can typically bear weight.,,,,,PROMOTE_CANONICAL,0.7,reusable_label_multi_claim_support,Sprain,condition,,true,10
02dd1574-9026-44ea-8f8e-15775da193de,Post-traumatic arthritis,complication,condition,0.35,2,2,SnapOrtho::CasePrep|SnapOrtho::CasePrep::brobot_decks_distal_radius_orif,The most common complication following subtalar dislocation is Post-traumatic arthritis.,The Five (5) complications following ORIF of a terrible triad injury of the elbow are Post-traumatic arthritis.,,,,2,PROMOTE_CANONICAL,0.7,reusable_label_multi_claim_support,Post-traumatic arthritis,condition,,true,10
0492168b-a424-4c13-8629-707e9bf2a814,Internal rotation,condition,biomechanics_concept,0.8,2,2,SnapOrtho::CasePrep|SnapOrtho::CasePrep::brobot_decks_distal_radius_orif,"The Teres Major action is Internal rotation, adduction.",The pectoralis major is responsible for Internal rotation.,,,,,PROMOTE_CANONICAL,0.7,reusable_label_multi_claim_support,Internal rotation,biomechanics_concept,,true,10
050be074-cc0a-4cf2-80ef-4770eadb7caf,1st metatarsal,condition,anatomy_structure,0.9,2,2,SnapOrtho::CasePrep|SnapOrtho::CasePrep::brobot_decks_distal_radius_orif,The insertion of the tibialis anterior tendon is 1st metatarsal.,The insertion of the peroneus longus is 1st Metatarsal.,,,,,PROMOTE_CANONICAL,0.7,reusable_label_multi_claim_support,1st metatarsal,anatomy_structure,,true,10
0787bb6e-e319-46ca-84c2-98a0ecbee9b2,Posterior column,condition,condition,0.35,2,2,,The visualized is Posterior column.,The this is Posterior column.,,,,,PROMOTE_CANONICAL,0.7,reusable_label_multi_claim_support,Posterior column,condition,,true,10
0868677e-69c3-4d15-874b-9540b1709634,ilioinguinal,condition,condition,0.35,2,2,SnapOrtho::CasePrep|SnapOrtho::CasePrep::brobot_decks_distal_radius_orif,"The ilioinguinal approach should be used for anterior wall/anterior column fractures , while the Kocher-Langenbach should be used for posterior wall/posterior column fractures .",The (5) most common approaches used to fix acetabular fractures are Ilioinguinal.,,,,,DEFER_NEEDS_REVIEW,0.5,low_support_ambiguous_label,,condition,,true,10
08e79d34-1b5c-4a8c-8e87-622dbac7bdec,CN XI,condition,condition,0.35,2,2,SnapOrtho::CasePrep|SnapOrtho::CasePrep::brobot_decks_distal_radius_orif,The Trapezius is innervated by CN XI.,Injury to CN XI.,,,,,PROMOTE_CANONICAL,0.7,reusable_label_multi_claim_support,CN XI,condition,,true,10
09222ff1-6a0a-4764-87f2-2d0deea080c2,Incompetent radioscaphocapitate ligament,procedure,anatomy_structure,0.9,2,2,SnapOrtho::CasePrep|SnapOrtho::CasePrep::brobot_decks_distal_radius_orif,The two (2) contraindications to proximal row carpectomy are Incompetent radioscaphocapitate ligament.,The two (2) contraindications to proximal row carpectomy to treat SLAC are Incompetent radioscaphocapitate ligament.,,,,,PROMOTE_CANONICAL,0.7,reusable_label_multi_claim_support,Incompetent radioscaphocapitate ligament,anatomy_structure,,true,10
09d09089-fafc-4752-8f27-844e7ed67dd5,Galvanic,condition,condition,0.35,2,2,SnapOrtho::CasePrep|SnapOrtho::CasePrep::brobot_decks_distal_radius_orif,Galvanic corrosion occurs when dissimilar metals leads to electrochemical destruction.,The three (3) types of corrosion seen in THA are Galvanic.,,,,,DEFER_NEEDS_REVIEW,0.5,low_support_ambiguous_label,,condition,,true,10
0bcd2a5d-4f87-4d2e-8135-56bbecb34fe4,Superior peroneal retinaculum,condition,anatomy_structure,0.9,2,2,SnapOrtho::CasePrep|SnapOrtho::CasePrep::brobot_decks_distal_radius_orif,The primary restraint to peroneal tendon dislocation is Superior peroneal retinaculum.,"On physical exam, see the following images when the patient dorsiflexes. The location of the injury is Superior peroneal retinaculum.",,,,2,PROMOTE_CANONICAL,0.7,reusable_label_multi_claim_support,Superior peroneal retinaculum,anatomy_structure,,true,10
0ca68266-fca0-4030-8586-29f08844c799,comminuted,condition,condition,0.35,2,2,SnapOrtho::CasePrep|SnapOrtho::CasePrep::brobot_decks_distal_radius_orif,"In fractures of the metacarpal neck, volar cortex is often comminuted, resulting in marked instability after reduction, which often necessitates pinning.",III is comminuted.,,,,,DEFER_NEEDS_REVIEW,0.5,low_support_ambiguous_label,,condition,,true,10
0e6f039f-2a66-462c-840a-80e802cd1138,FADIR,condition,exam_maneuver,0.85,2,2,,The shown below is FADIR.,What physical exam maneuver provokes pain in patients with femoroacetabular impingement FADIR.,,,,,DEFER_NEEDS_REVIEW,0.6,acronym_needs_expansion_review,,exam_maneuver,,true,10
0e8094e7-93ba-498b-8558-0e2ae24e3cef,Speed,condition,exam_maneuver,0.85,2,2,SnapOrtho::CasePrep|SnapOrtho::CasePrep::brobot_decks_distal_radius_orif,"Speed, physical exam maneuver, helps evaluate for biceps tendinitis.",The two physical exam maneuvers used to test the proximal biceps are Speed.,,,,,PROMOTE_CANONICAL,0.7,reusable_label_multi_claim_support,Speed,exam_maneuver,,true,10
0f679315-cdc4-4446-8497-88364d5c54f4,Elastic,condition,condition,0.35,2,2,,"Elastic deformation is reversible changes in shape to a material due to a load, whereas plastic deformation is the irreversible changes in shape to a material due to a load.","For low strain rates (<0.1/s), bone is elastic and ductile.",,,,,DEFER_NEEDS_REVIEW,0.5,low_support_ambiguous_label,,condition,,true,10
12bf2cf0-99a8-4490-8598-db04205c4666,Base of thumb,condition,anatomy_structure,0.6,2,2,SnapOrtho::CasePrep|SnapOrtho::CasePrep::brobot_decks_distal_radius_orif,The Superficial head insertion is Base of thumb.,The Extensor Pollicis Brevis (EPB) insertion is Base of thumb.,,,,,PROMOTE_CANONICAL,0.7,reusable_label_multi_claim_support,Base of thumb,anatomy_structure,,true,10
12de566d-a191-48db-85cf-0fc42ba0f8dc,Rhabdomyosarcoma,condition,condition,0.35,2,2,,Five (5) soft tissue sarcomas that can metastasize to lymph nodes: Rhabdomyosarcoma.,t(2:13) - rhabdomyosarcoma.,,,,,DEFER_NEEDS_REVIEW,0.5,low_support_ambiguous_label,,condition,,true,10
13e09429-be60-469d-88ba-2f26dc1f9e49,Coronoid tip fracture,condition,condition,0.85,2,2,,The terrible triad elbow injury is Coronoid tip fracture.,The typically injured in posterolateral rotatory instabiliy is Coronoid tip fracture.,,,,2,PROMOTE_CANONICAL,0.7,reusable_label_multi_claim_support,Coronoid tip fracture,condition,,true,10
1406f022-475a-4d9b-8c3f-0a0feb420120,Wrist flexion,condition,biomechanics_concept,0.8,2,2,SnapOrtho::CasePrep|SnapOrtho::CasePrep::brobot_decks_distal_radius_orif,"The Flexor Carpi Ulnaris action is Wrist flexion, ulnar deviation.","For patients with cerebral palsy , an FCU to ECRB transfer is helpful in addressing Wrist flexion.",,,,,PROMOTE_CANONICAL,0.7,reusable_label_multi_claim_support,Wrist flexion,biomechanics_concept,,true,10
14eb30e7-f0a9-4227-8af9-fa16e073a0ce,dorsiflexion,condition,biomechanics_concept,0.8,2,2,SnapOrtho::CasePrep|SnapOrtho::CasePrep::brobot_decks_distal_radius_orif,The mechanism of injury for peroneal tendon tears is forced dorsiflexion and inversion.,"The Tibialis anterior action is Dorsiflexion, foot inversion.",,,,,PROMOTE_CANONICAL,0.7,reusable_label_multi_claim_support,dorsiflexion,biomechanics_concept,,true,10
16963888-56df-48ce-8941-3e1d95d2ccdc,autosomal dominant,condition,condition,0.35,2,2,,Most common inheritance pattern of achondroplasia is autosomal dominant.,The two milder forms of Osteogenesis Imperfecta are autosomal dominant and types I and IV.,,,,,PROMOTE_CANONICAL,0.7,reusable_label_multi_claim_support,autosomal dominant,condition,,true,10
18421eb3-4965-40b4-8a07-38ab5abf6381,Dislocation,complication,condition,0.85,2,2,SnapOrtho::CasePrep|SnapOrtho::CasePrep::brobot_decks_distal_radius_orif,The more common utilizing a posterior (Southern-Moore) THA approach is Dislocation.,The most common complication of revision THA surgery with polyethylene exchange is dislocation.,,,,,PROMOTE_CANONICAL,0.7,reusable_label_multi_claim_support,Dislocation,condition,,true,10
19b99bfc-1051-4aef-860c-fdf7ff92ab4f,Canale,imaging_finding,condition,0.35,2,2,,The best for visualizing the talar neck is Canale.,The three (3) radiographic views that should be obtained for suspected talar neck fracture are Canale.,,,,,DEFER_NEEDS_REVIEW,0.5,low_support_ambiguous_label,,condition,,true,10
1b2e56ef-4283-4e07-8a34-b5bd7f67fc91,Equinus,condition,condition,0.35,2,2,,The order of clubfoot deformity correction with the ponseti method is Equinus.,The four (4) common foot deformities seen in cerebral palsy are Equinus.,,,,,DEFER_NEEDS_REVIEW,0.5,low_support_ambiguous_label,,condition,,true,10
1b6682f6-458c-465a-8b05-d7e0630e14d5,Heterotopic ossification,complication,complication,0.85,2,2,SnapOrtho::CasePrep|SnapOrtho::CasePrep::brobot_decks_distal_radius_orif,The more common with single and double distal biceps incision repairs is Heterotopic ossification (Double incision).,Patient presents with the following prosthesis. The five (5) complications are Heterotopic ossification.,,,,,PROMOTE_CANONICAL,0.7,reusable_label_multi_claim_support,Heterotopic ossification,complication,,true,10
1b943850-0476-42e8-8672-2d3854771af1,Pelvic incidence,condition,condition,0.35,2,2,SnapOrtho::CasePrep|SnapOrtho::CasePrep::brobot_decks_distal_radius_orif,Pelvic incidence has been found to directly correlate with the magnitude of lumbar lordosis and thoracic kyphosis because it determines the angle at the lumbosacral junction.,Pelvic incidence = pelvic tilt + sacral slope.,,,,,PROMOTE_CANONICAL,0.7,reusable_label_multi_claim_support,Pelvic incidence,condition,,true,10
1cea134d-7cdf-48e8-8fe4-00ad888d7779,<10 years old,condition,condition,0.35,2,2,,The indications (3) for an endocrine work up for a patient with SCFE are <10 years old.,Early onset scoliosis occurs before 10 years old.,,,,,PROMOTE_CANONICAL,0.7,reusable_label_multi_claim_support,<10 years old,condition,,true,10
1d8d73fa-eb72-4e57-8371-2643bcb54a85,sequestrum,condition,condition,0.85,2,2,,"For chronic osteomyelitis , the sequestrum is the necrotic bone which has been removed from its blood supply and can serve as a nidus for chronic infection , while the involucrum is the layer of new bone growth formed by the periosteum .",The three (3) radiographic findings in patients with sub-acute/chronic infections are Sequestrum.,,,,,PROMOTE_CANONICAL,0.7,reusable_label_multi_claim_support,sequestrum,condition,,true,10
1ec81487-a561-4dfa-8169-9a2a34295732,Femoral origin,condition,condition,0.35,2,2,,MCL injuries typically occur Femoral origin.,Avulsion of the MPFL most commonly occur from Femoral origin.,,,,,PROMOTE_CANONICAL,0.7,reusable_label_multi_claim_support,Femoral origin,condition,,true,10
21836c58-e1c8-4fd9-86ac-fb934b0ffafe,de Quervain's tenosynovitis,condition,condition,0.35,2,2,SnapOrtho::CasePrep|SnapOrtho::CasePrep::brobot_decks_distal_radius_orif,The Patient presents with inflammation of the first dorsal compartment. (+) Finkelstein's test. Diagnosis are de Quervain's tenosynovitis.,The associated pathology with the following extensor tendon compartments of the wrist is EPB-APL / De Quervain's tenosynovitis (1).,,,,,PROMOTE_CANONICAL,0.7,reusable_label_multi_claim_support,de Quervain's tenosynovitis,condition,,true,10
26720ada-7a95-46e4-8b18-0bff44a0dc6c,Paresthesia,condition,condition,0.35,2,2,,The six P's of compartment syndrome is Paresthesia.,The five Ps of compartment syndrome are Paresthesia.,,,,,DEFER_NEEDS_REVIEW,0.5,low_support_ambiguous_label,,condition,,true,10
2698bed5-114f-4f21-865c-f46622cdb661,Obesity,condition,condition,0.35,2,2,,The indications (5) for use of a retrograde IMN are Obesity.,The single greatest risk factor for slipped capital femoral epiphysis (SCFE) is Obesity.,,,,,DEFER_NEEDS_REVIEW,0.5,low_support_ambiguous_label,,condition,,true,10
27951260-ca2a-4969-8967-4abf38fa5486,superior gluteal,condition,condition,0.35,2,2,SnapOrtho::CasePrep|SnapOrtho::CasePrep::brobot_decks_distal_radius_orif,Thigh abduction is controlled by the superior gluteal nerve.,The Tensor Fasciae Latae is innervated by Superior Gluteal.,,,,,PROMOTE_CANONICAL,0.7,reusable_label_multi_claim_support,superior gluteal,condition,,true,10
27a7f45f-1206-48cf-875f-4bcfa56bb8d1,Alpha-defensin,condition,condition,0.35,2,2,,Best two (2) diagnostic tests for PJI: Alpha-defensin.,Synovial alpha-defensin has been shown to be 100% sensitive and 98% specific for periprosthetic joint infections .,,,,,DEFER_NEEDS_REVIEW,0.5,low_support_ambiguous_label,,condition,,true,10
27d88cfd-bfae-4289-8e65-8f24e0f7d368,A2 and A4,condition,condition,0.35,2,2,SnapOrtho::CasePrep|SnapOrtho::CasePrep::brobot_decks_distal_radius_orif,The most critical to preventing bowstringing is A2 and A4.,The most crucial in preventing bowstringing of the fingers is A2 and A4.,,,,,REJECT_CONTEXT_DEPENDENT,0.7,composite_conjunction_label,,,,false,10
287547bc-3891-492d-87d1-f10e9ac5757c,Renal,condition,condition,0.35,2,2,,Carcinomas (5) that most commonly spread to bone: Renal.,NSAIDs have a side effect of renal impairment.,,,,,DEFER_NEEDS_REVIEW,0.5,low_support_ambiguous_label,,condition,,true,10
2acc4aa9-ae90-4493-8b00-2d5e424dbff8,Anconeus,condition,anatomy_structure,0.9,2,2,SnapOrtho::CasePrep|SnapOrtho::CasePrep::brobot_decks_distal_radius_orif,The five (5) muscles that originate from the common extensor wad of the elbow are Anconeus.,Anconeus originates on the lateral epicondyle.,,,,,PROMOTE_CANONICAL,0.7,reusable_label_multi_claim_support,Anconeus,anatomy_structure,,true,10
317ff189-fabe-493f-8a4f-2ea2d37c6967,Lisfranc,condition,condition,0.35,2,2,SnapOrtho::CasePrep|SnapOrtho::CasePrep::brobot_decks_distal_radius_orif,A Lisfranc injury is an injury of the foot in which one or more of the metatarsal bones are displaced from the tarsus.,The these radiographs concerning for are Lisfranc.,Lisfranc Joint,0.7,elided_form_containment|token_jaccard_0.50|type_compatible,,DEFER_NEEDS_REVIEW,0.6,single_token_elision_needs_sense_review,,,c3c8eb81-36f6-4082-9094-6556581c1a79,true,10
3427e634-47b8-4670-83cd-9db4f65938e6,Fretting,condition,condition,0.35,2,2,SnapOrtho::CasePrep|SnapOrtho::CasePrep::brobot_decks_distal_radius_orif,Fretting corrosion is a mode of destruction at the contact site from the relative micromotion of two materials or two components.,The three (3) types of corrosion seen in THA are Fretting.,,,,,DEFER_NEEDS_REVIEW,0.5,low_support_ambiguous_label,,condition,,true,10
380709b8-abfb-40dc-86f2-a6dc39462477,Longitudinal,condition,condition,0.35,2,2,SnapOrtho::CasePrep|SnapOrtho::CasePrep::brobot_decks_distal_radius_orif,The common meniscus tear patterns are Longitudinal.,"When performing an open incisional biopsy in the extremities , it is important to use a longitudinal incision.",,,,,DEFER_NEEDS_REVIEW,0.5,low_support_ambiguous_label,,condition,,true,10
3a6d8f54-6c30-47dc-8c9f-fde31b4dcf3d,Peroneus brevis,condition,anatomy_structure,0.9,2,2,SnapOrtho::CasePrep|SnapOrtho::CasePrep::brobot_decks_distal_radius_orif,"Peroneus brevis, tendon most commonly, develops tears from recurrent peroneal subluxation.",The major antagonist to the posterior tibialis tendon is Peroneus brevis.,,,,,PROMOTE_CANONICAL,0.7,reusable_label_multi_claim_support,Peroneus brevis,anatomy_structure,,true,10
40c5de1c-bf0b-48d1-85dd-719186d1004c,Cuboid,condition,anatomy_structure,0.6,2,2,SnapOrtho::CasePrep|SnapOrtho::CasePrep::brobot_decks_distal_radius_orif,"The Flexor Hallucis Brevis originates from Cuboid, Lateral Cuneiform.",The present at birth is Cuboid.,,,,,DEFER_NEEDS_REVIEW,0.5,low_support_ambiguous_label,,anatomy_structure,,true,10
412abfe5-fcb7-441b-848f-ec9fe19f172e,Biceps femoris,condition,anatomy_structure,0.9,2,2,SnapOrtho::CasePrep|SnapOrtho::CasePrep::brobot_decks_distal_radius_orif,Biceps femoris attach to the fibular head.,The muscles (3) in the posterior compartment of the thigh are Biceps femoris.,,,,,PROMOTE_CANONICAL,0.7,reusable_label_multi_claim_support,Biceps femoris,anatomy_structure,,true,10
44577092-e266-4818-82d8-22e6e6f8c2c9,Physical therapy,condition,condition,0.35,2,2,,The initial treatment for multidirectional shoulder instability (MDI) is Physical therapy.,First line treatment for Adhesive Capsulitis: Physical therapy.,,,,,PROMOTE_CANONICAL,0.7,reusable_label_multi_claim_support,Physical therapy,condition,,true,10
44f71eb2-5104-4777-815e-6d76fdee8824,Adductor brevis,condition,anatomy_structure,0.9,2,2,SnapOrtho::CasePrep|SnapOrtho::CasePrep::brobot_decks_distal_radius_orif,Adductor brevis is one of the four muscles that comprise the medial compartment of the thigh.,The muscles (4) in the medial compartment of the thigh are Adductor brevis.,Abductor Pollicis Brevis,0.1,type_compatible,,PROMOTE_CANONICAL,0.7,reusable_label_multi_claim_support,Adductor brevis,anatomy_structure,,true,10
46c5b974-b0f6-4419-8567-d80ddb3439c1,Posterior tibial,condition,condition,0.35,2,2,SnapOrtho::CasePrep|SnapOrtho::CasePrep::brobot_decks_distal_radius_orif,Posterior tibial tendon dysfunction causes acquired flatfloot.,"Posterior tibial, vessel, supplies the foot.",,,,,DEFER_NEEDS_REVIEW,0.7,multi_sense_risk_tendon+vessel,,,,true,10
48b98e3d-a9b5-4c3c-80aa-c508576286a5,Open,condition,condition,0.35,2,2,SnapOrtho::CasePrep|SnapOrtho::CasePrep::brobot_decks_distal_radius_orif,Four (4) surgical approaches for meniscal repair: Open.,The operative indications (5) for medial epicondyle fractures are Open.,,,,,DEFER_NEEDS_REVIEW,0.5,low_support_ambiguous_label,,condition,,true,10
48ed8109-de62-46ed-8a53-87576d878e55,Medial antebrachial cutaneous nerve,anatomy_structure,anatomy_structure,0.9,2,2,SnapOrtho::CasePrep|SnapOrtho::CasePrep::brobot_decks_distal_radius_orif,The commonly encountered during a cubital tunnel release is Medial antebrachial cutaneous nerve.,The nerve at risk when placing the proximal anteromedial portal for elbow arthroscopy is Medial antebrachial cutaneous nerve.,,,,,PROMOTE_CANONICAL,0.7,reusable_label_multi_claim_support,Medial antebrachial cutaneous nerve,anatomy_structure,,true,10
4901c14f-be1d-4faa-8a8b-99502bb75c51,Velpeau,imaging_finding,diagnostic_test,0.65,2,2,SnapOrtho::CasePrep|SnapOrtho::CasePrep::brobot_decks_distal_radius_orif,"To evaluate for possible shoulder dislocation , a Velpeau view can be utilized if the patient cannot abduct the arm for a proper axillary lateral view .","For a patient with a shoulder dislocation if an axillary view is not tolerated , the alternating view that may be obtained is Velpeau.",,,,,DEFER_NEEDS_REVIEW,0.5,low_support_ambiguous_label,,diagnostic_test,,true,10
495a3d40-f668-4bf8-81cd-e69618b86c8e,surgery,condition,condition,0.35,2,2,,"Progressive symptoms, neurological deficits, or high-grade slips = surgery.",The basic treatment strategy based on curve severity is Surgery (≥50°).,,,,,REJECT_TOO_GENERIC,0.75,generic_seed_no_canonical_target,,,,true,10
49e0283b-a296-4f47-8f0a-91749ade3c78,Vastus medialis,condition,anatomy_structure,0.9,2,2,SnapOrtho::CasePrep|SnapOrtho::CasePrep::brobot_decks_distal_radius_orif,Four muscles that comprise the quadriceps muscle includes Vastus medialis.,The weak in many patello-femoral disorders is Vastus medialis.,,,,,PROMOTE_CANONICAL,0.7,reusable_label_multi_claim_support,Vastus medialis,anatomy_structure,,true,10
4accc82b-f854-4f36-812e-c35b80929c69,Conoid,condition,condition,0.35,2,2,SnapOrtho::CasePrep|SnapOrtho::CasePrep::brobot_decks_distal_radius_orif,The more posterior is Conoid.,Conoid attaches to the coracoid.,,,,,DEFER_NEEDS_REVIEW,0.5,low_support_ambiguous_label,,condition,,true,10
4b8493fd-76bc-41ca-8e81-f1b1afbae8e6,transverse acetabular,condition,condition,0.35,2,2,SnapOrtho::CasePrep|SnapOrtho::CasePrep::brobot_decks_distal_radius_orif,The transverse acetabular ligament provides an anatomic landmark to assess acetabular version during reaming for THA .,The obturator nerve can be injured by retractors placed behind the transverse acetabular ligament.,,,,,PROMOTE_CANONICAL,0.7,reusable_label_multi_claim_support,transverse acetabular,condition,,true,10
4e0bbd5b-f645-4121-8890-ff7156f49bb6,Partial meniscectomy and saucerization,condition,procedure,0.9,2,2,,The most common treatment for a discoid meniscus is Partial meniscectomy and saucerization.,The operative treatment for discoid meniscus is Partial meniscectomy and saucerization.,,,,,REJECT_CONTEXT_DEPENDENT,0.7,composite_conjunction_label,,,,false,10
4e277c25-f599-4600-8ba6-c326d62e567a,semitendinosus,condition,anatomy_structure,0.9,2,2,SnapOrtho::CasePrep|SnapOrtho::CasePrep::brobot_decks_distal_radius_orif,The semitendinosus tendon is often used in ACL reconstructions.,The muscles (3) in the posterior compartment of the thigh are Semitendinosus.,,,,,PROMOTE_CANONICAL,0.7,reusable_label_multi_claim_support,semitendinosus,anatomy_structure,,true,10
4f348108-9c3d-4419-86ff-26d82ad22f49,Torticollis,condition,condition,0.35,2,2,,The other conditions (3) that should also be looked for in a patient with Developmental Dysplasia of the Hip are Torticollis.,Two (2) associated conditions with metatarsus adductus: Torticollis.,,,,,DEFER_NEEDS_REVIEW,0.5,low_support_ambiguous_label,,condition,,true,10
4f6ea227-1031-4303-81f8-3117d5bfd9c0,LUCL,condition,condition,0.35,2,2,SnapOrtho::CasePrep|SnapOrtho::CasePrep::brobot_decks_distal_radius_orif,Injury to the LUCL allows for radial head subluxation and posterolateral rotatory instability.,The primary stabilizer to varus and external rotation stress of the elbow is LUCL.,,,,,DEFER_NEEDS_REVIEW,0.6,acronym_needs_expansion_review,,condition,,true,10
50c58024-ba01-483b-8c9a-804c99b8d0eb,dominant,condition,condition,0.35,2,2,,Charcot-Marie-Tooth Disease involves an autosomal dominant duplication of chromosome 17.,Neurofibromatosis exhibits autosomal dominant inheritance pattern with a mutation in NF1 gene on chromosome 17q11.2.,,,,,DEFER_NEEDS_REVIEW,0.5,low_support_ambiguous_label,,condition,,true,10
510c2274-34a5-4602-8592-c693eb2cb16e,neurovascular,condition,condition,0.35,2,2,SnapOrtho::CasePrep|SnapOrtho::CasePrep::brobot_decks_distal_radius_orif,Knee dislocation is an ortho emergency because of the high risk for neurovascular injury.,"When performing an open incisional biopsy in the extremities , it is important to not expose neurovascular structures and to maintain meticulous hemostasis.",,,,,DEFER_NEEDS_REVIEW,0.5,low_support_ambiguous_label,,condition,,true,10
5304cdfc-433a-410e-82ed-a9a78d807ede,Buford Complex,condition,condition,0.35,2,2,SnapOrtho::CasePrep|SnapOrtho::CasePrep::brobot_decks_distal_radius_orif,The eponym for an absent anterosuperior labrum with a cordlike MGHL is Buford Complex.,Thickened middle glenohumeral joint + absent anterior/superior labrum = Buford complex.,,,,,PROMOTE_CANONICAL,0.7,reusable_label_multi_claim_support,Buford Complex,condition,,true,10
58726afc-eee2-438d-809c-a0ac77198648,hypothenar,condition,anatomy_structure,0.9,2,2,SnapOrtho::CasePrep|SnapOrtho::CasePrep::brobot_decks_distal_radius_orif,Longitudinal incisions over the ulnar side of the 5th metacarpal decompresses the hypothenar compartment.,The compartments (5) of the hand are Hypothenar.,,,,,PROMOTE_CANONICAL,0.7,reusable_label_multi_claim_support,hypothenar,anatomy_structure,,true,10
596325b5-8806-4441-8304-d87316953bc0,Elbow extension,condition,biomechanics_concept,0.8,2,2,SnapOrtho::CasePrep|SnapOrtho::CasePrep::brobot_decks_distal_radius_orif,C7: Elbow extension.,The Triceps Brachii action is Elbow extension.,,,,,PROMOTE_CANONICAL,0.7,reusable_label_multi_claim_support,Elbow extension,biomechanics_concept,,true,10
5f0afee1-0f9e-4437-8c6e-2115c0a13b44,Salmonella,condition,condition,0.35,2,2,,The ususual bacteria associated with osteomyelitis in sickle cell patients is Salmonella.,The Two (2) common septic arthritis pathogens (besides staph aureus) in patients with sickle cell disease are Salmonella.,,,,,DEFER_NEEDS_REVIEW,0.5,low_support_ambiguous_label,,condition,,true,10
61b0d6d9-1150-46b3-8b8f-a81f985ed299,Lower,condition,condition,0.35,2,2,,"Medial, trunk, leads to the following cords (Lower).",Klumpke Palsy = damage to lower trunk.,,,,,REJECT_TOO_GENERIC,0.75,generic_seed_no_canonical_target,,,,true,10
6262fc82-8619-4b67-8714-b30470840cf2,Lateral column,condition,condition,0.35,2,2,SnapOrtho::CasePrep|SnapOrtho::CasePrep::brobot_decks_distal_radius_orif,The most flexible is Lateral column.,The column of the foot that should not be fused is Lateral column.,,,,,PROMOTE_CANONICAL,0.7,reusable_label_multi_claim_support,Lateral column,condition,,true,10
6c6a6bbd-568f-401d-8483-fb040f592681,Wrist extension,condition,biomechanics_concept,0.8,2,2,SnapOrtho::CasePrep|SnapOrtho::CasePrep::brobot_decks_distal_radius_orif,The Extensor carpi radialis longus action is Wrist extension.,The Extensor carpi radialis brevis action is Wrist extension.,,,,,PROMOTE_CANONICAL,0.7,reusable_label_multi_claim_support,Wrist extension,biomechanics_concept,,true,10
6d1c0547-b666-4c8c-8484-74227db4c8b6,Hypertrophic,condition,condition,0.35,2,2,,The different types (5) of nonunions are Hypertrophic.,Type X collagen is important for mineralization and plays an important role in the hypertrophic zone.,,,,,DEFER_NEEDS_REVIEW,0.5,low_support_ambiguous_label,,condition,,true,10
6ff74b08-5aee-4325-8468-d55e100d7745,Osteosarcoma,condition,condition,0.35,2,2,,The bone tumor shown in the histology below is Osteosarcoma.,The destructive bone lesions in young patients and are treated with wide resection + chemotherapy are Osteosarcoma.,,,,,DEFER_NEEDS_REVIEW,0.5,low_support_ambiguous_label,,condition,,true,10
72140140-3fc3-45a7-8fa4-77992131a396,Crevice,condition,condition,0.35,2,2,SnapOrtho::CasePrep|SnapOrtho::CasePrep::brobot_decks_distal_radius_orif,Crevice corrosion occurs in fatigue cracks due to differences in oxygen tension.,The three (3) types of corrosion seen in THA are Crevice.,,,,,DEFER_NEEDS_REVIEW,0.5,low_support_ambiguous_label,,condition,,true,10
734c5fdd-4822-4566-86e4-323df13f6d44,Fluoroquinolones,condition,condition,0.35,2,2,,Fluoroquinolones have been associated with Achilles tendon ruptures.,The antibiotic that should be added for water injuries is Fluoroquinolones.,,,,,DEFER_NEEDS_REVIEW,0.5,low_support_ambiguous_label,,condition,,true,10
737ae7bb-b970-4ec2-82b0-f6657f2df03f,Superficial,condition,condition,0.35,2,2,SnapOrtho::CasePrep|SnapOrtho::CasePrep::brobot_decks_distal_radius_orif,The digital arteries typically arise from Superficial.,The more distal in the palm is Superficial.,Superficial Peroneal Nerve,0.45,elided_form_containment|type_compatible,2,DEFER_NEEDS_REVIEW,0.5,low_support_ambiguous_label,,condition,,true,10
773f8e2b-7955-4264-84a4-bfa84420b896,Extent of soft tissue injury,condition,condition,0.85,2,2,,Extent of soft tissue injury has the highest impact on the decision to undergo limb salvage or amputation.,The most important injury predictor for amputation of the lower extremity is Extent of soft tissue injury.,,,,,PROMOTE_CANONICAL,0.7,reusable_label_multi_claim_support,Extent of soft tissue injury,condition,,true,10
7756144c-0c30-4204-8184-ce6e2082606a,Deltopectoral,condition,surgical_approach,0.85,2,2,SnapOrtho::CasePrep|SnapOrtho::CasePrep::brobot_decks_distal_radius_orif,The two surgical approaches for reverse total shoulder arthroplasty are Deltopectoral.,The most commonly used surgical approach for TSA is Deltopectoral.,Deltopectoral Interval,0.65,elided_form_containment|trigram_0.79|token_jaccard_0.50|type_mismatch,,DEFER_NEEDS_REVIEW,0.6,single_token_elision_needs_sense_review,,,bdb7dbd2-fd13-4bb6-b785-a1b190c0a97c,true,10
77d3d1ce-b07b-4f6c-87c7-0a97b99c3c6c,retroversion,condition,biomechanics_concept,0.8,2,2,,62 y/o male presents with following deformity after primary THA 1 year ago. The stem has subsided and shifted into retroversion.,The crossover sign is indicative of acetabular retroversion.,,,,,PROMOTE_CANONICAL,0.7,reusable_label_multi_claim_support,retroversion,biomechanics_concept,,true,10
786b492a-d693-4d02-80af-ff8bef0b173a,Deceleration,condition,condition,0.35,2,2,SnapOrtho::CasePrep|SnapOrtho::CasePrep::brobot_decks_distal_radius_orif,The five (5) main phases of throwing are Deceleration.,The recognized as the most harmful phase of throwing are Deceleration.,,,,,DEFER_NEEDS_REVIEW,0.5,low_support_ambiguous_label,,condition,,true,10
7b7af75e-db65-464a-88b8-079dbb67bc91,External rotation of thigh,condition,biomechanics_concept,0.8,2,2,SnapOrtho::CasePrep|SnapOrtho::CasePrep::brobot_decks_distal_radius_orif,The Superior Gemellus action is External rotation of thigh.,The Quadratus femoris action is External rotation of thigh.,,,,2,PROMOTE_CANONICAL,0.7,reusable_label_multi_claim_support,External rotation of thigh,biomechanics_concept,,true,10
7e397bf3-ae9e-493c-8262-2f2402f35f52,Dorsally,condition,condition,0.35,2,2,SnapOrtho::CasePrep|SnapOrtho::CasePrep::brobot_decks_distal_radius_orif,Where do osteophytes typically develop in patients with hallux rigidus Dorsally.,Transverse fractures of the metacarpal shaft usually angulates dorsally by pull of interosseous muscles.,,,,,DEFER_NEEDS_REVIEW,0.5,low_support_ambiguous_label,,condition,,true,10
808eec22-30d5-493b-8825-78841f4ecfec,pelvic tilt,condition,condition,0.35,2,2,SnapOrtho::CasePrep|SnapOrtho::CasePrep::brobot_decks_distal_radius_orif,Pelvic incidence = pelvic tilt + sacral slope.,"Pelvic tilt + Sacral slope, , defines pelvic incidence.",,,,,PROMOTE_CANONICAL,0.7,reusable_label_multi_claim_support,pelvic tilt,condition,,true,10
817f3904-6e12-4dad-8b28-15266df04279,tensile,condition,condition,0.35,2,2,SnapOrtho::CasePrep|SnapOrtho::CasePrep::brobot_decks_distal_radius_orif,"Collagen provides tensile mechanical strength, while proteoglycans provide compressive mechanical strength.",Tensile strength resists being pulled apart.,,,,,DEFER_NEEDS_REVIEW,0.5,low_support_ambiguous_label,,condition,,true,10
86d06105-2f3a-43c7-8cae-96a03922346e,upper,condition,condition,0.35,2,2,,"In terms of mechanism of injury , caudally forced shoulder predominantly affects the upper brachial plexus while forced abduction predominantly affects the lower roots .",Erb Palsy = damage to upper trunk.,,,,,REJECT_TOO_GENERIC,0.75,generic_seed_no_canonical_target,,,,true,10
885811ed-e01a-49ae-83e1-e5f63ff7f452,Posterior fat pad sign,condition,imaging_finding,0.75,2,2,,"Posterior fat pad sign, radiographic finding, suggests an occult fracture of the elbow.",What radiographic sign might you see with a subtle Type I supracondylar humerus fracture Posterior fat pad sign.,,,,,PROMOTE_CANONICAL,0.7,reusable_label_multi_claim_support,Posterior fat pad sign,imaging_finding,,true,10
88a97f6d-8484-450d-8a86-6f78b38792c7,Osteocalcin,condition,condition,0.35,2,2,,Osteocalcin is produced by mature osteoblasts and is the most abundant non-collagenous protein in the bone matrix (10%-20% of total).,Osteocalcin is the most specific marker of the osteoblast phenotype and is expressed only in mature osteoblasts .,,,,,DEFER_NEEDS_REVIEW,0.5,low_support_ambiguous_label,,condition,,true,10
8f957d32-772b-4ce4-8902-67e8425a0c63,Flex wrist,condition,condition,0.35,2,2,SnapOrtho::CasePrep|SnapOrtho::CasePrep::brobot_decks_distal_radius_orif,"The Flexor Carpi Radialis action is Flex wrist, radial deviation.",The Palmaris longus (PL) action is Flex wrist.,,,,,REJECT_NON_ENTITY,0.85,verb_fragment_answer_token,,,,false,10
8fd400f8-e13e-442b-85a0-4a797948ce08,thoracic,condition,condition,0.35,2,2,SnapOrtho::CasePrep|SnapOrtho::CasePrep::brobot_decks_distal_radius_orif,Kyphosis is normal in the thoracic and sacral spine.,The thoracic spine is the most common site of bony metastasis .,,,,,DEFER_NEEDS_REVIEW,0.5,low_support_ambiguous_label,,condition,,true,10
90c101f0-c953-4b7c-8630-3dab8332ee64,adductor,condition,anatomy_structure,0.9,2,2,SnapOrtho::CasePrep|SnapOrtho::CasePrep::brobot_decks_distal_radius_orif,"In patients with Cerebral Palsy , strong tone in hip adductor and flexor muscles lead to scissoring and predisposes to hip subluxation and dislocation (commonly posterior and superior).",The compartments (5) of the hand are Adductor.,,,,,PROMOTE_CANONICAL,0.7,reusable_label_multi_claim_support,adductor,anatomy_structure,,true,10
90c561eb-cb43-4604-839e-05e3d26b80fd,Popliteus,condition,anatomy_structure,0.9,2,2,SnapOrtho::CasePrep|SnapOrtho::CasePrep::brobot_decks_distal_radius_orif,The visualized intraarticularly in the lateral knee is Popliteus.,"When performing lateral releases during TKA , the released if there is tightness in flexion is Popliteus.",,,,,PROMOTE_CANONICAL,0.7,reusable_label_multi_claim_support,Popliteus,anatomy_structure,,true,10
920c53e5-6002-4a29-82d5-f8c1cd3c2572,rotator interval,condition,surgical_approach,0.85,2,2,,"The rotator interval is released to improve external rotation , while the posterior capsule is released to improve internal rotation and cross-body adduction .",The primarily affected in adhesive capsulitis is Rotator Interval.,,,,,PROMOTE_CANONICAL,0.7,reusable_label_multi_claim_support,rotator interval,surgical_approach,,true,10
934fe09a-478c-4e6b-8b94-d02d5665002d,Thumb,condition,condition,0.35,2,2,SnapOrtho::CasePrep|SnapOrtho::CasePrep::brobot_decks_distal_radius_orif,C6 - Thumb.,Paronychia are most common on Thumb.,Thumb UCL,0.7,elided_form_containment|token_jaccard_0.50|type_compatible,2,DEFER_NEEDS_REVIEW,0.6,single_token_elision_needs_sense_review,,,6d10114a-2182-47ad-8f3c-a89f22ebea69,true,10
95b06135-be9b-4cf1-8c2a-fddce52184b3,Thenar,condition,anatomy_structure,0.9,2,2,SnapOrtho::CasePrep|SnapOrtho::CasePrep::brobot_decks_distal_radius_orif,The compartments (5) of the hand are Thenar.,Longitudinal incisions over the radial side of the 1st metacarpal decompresses the thenar compartment.,,,,,PROMOTE_CANONICAL,0.7,reusable_label_multi_claim_support,Thenar,anatomy_structure,,true,10
95c9bad6-5e94-4a84-8126-1745f8e07f64,Sprengel's deformity,condition,condition,0.85,2,2,SnapOrtho::CasePrep|SnapOrtho::CasePrep::brobot_decks_distal_radius_orif,The commonly associated with an undescended scapula is Sprengel's deformity.,"Sprengel's Deformity occurs when an omovertebral bone connects the C-spine to the scapula, which prevents the scapula from descending.",,,,,PROMOTE_CANONICAL,0.7,reusable_label_multi_claim_support,Sprengel's deformity,condition,,true,10
97028e63-564d-44da-87a6-461d58012491,Coracobrachialis,condition,anatomy_structure,0.9,2,2,SnapOrtho::CasePrep|SnapOrtho::CasePrep::brobot_decks_distal_radius_orif,Coracobrachialis is one of the structures (2) that make up the conjoined tendon.,Coracobrachialis attaches to the coracoid.,,,,,PROMOTE_CANONICAL,0.7,reusable_label_multi_claim_support,Coracobrachialis,anatomy_structure,,true,10
98180e89-6989-460d-8d7c-d18db00df0d0,Macrophage,condition,anatomy_structure,0.6,2,2,SnapOrtho::CasePrep|SnapOrtho::CasePrep::brobot_decks_distal_radius_orif,TKA aseptic loosening is induced by Macrophage.,Osteoclasts originate from hematopoietic cells from a macrophage cell lineage.,,,,2,DEFER_NEEDS_REVIEW,0.5,low_support_ambiguous_label,,anatomy_structure,,true,10
9c9a7dbb-45c6-4c45-8699-2ca52b5b08d1,extended tibial tubercle osteotomy,condition,anatomy_structure,0.9,2,2,,A(n) extended tibial tubercle osteotomy can be used in cases of revision TKA with difficult exposure to remove tibial component.,Extended tibial tubercle osteotomy is an extensile technique to revision TKA that allows for exposure to facilitate removal of tibial sleeves and cones.,,,,,PROMOTE_CANONICAL,0.7,reusable_label_multi_claim_support,extended tibial tubercle osteotomy,anatomy_structure,,true,10
9db773c8-cd79-4450-838f-a23e90997f50,Pellegrini-Stieda lesion,condition,condition,0.85,2,2,,The eponym for a calcified MCL is Pellegrini-Stieda lesion.,The radiographic finding is Pellegrini-Stieda lesion.,,,,,PROMOTE_CANONICAL,0.7,reusable_label_multi_claim_support,Pellegrini-Stieda lesion,condition,,true,10
9e02cdbf-c433-4dec-8d11-974c80543359,Gracilis,condition,anatomy_structure,0.9,2,2,SnapOrtho::CasePrep|SnapOrtho::CasePrep::brobot_decks_distal_radius_orif,Gracilis is one of the four muscles that comprise the medial compartment of the thigh.,The muscles (4) in the medial compartment of the thigh are Gracilis.,,,,,PROMOTE_CANONICAL,0.7,reusable_label_multi_claim_support,Gracilis,anatomy_structure,,true,10
9f9928d8-4caa-47e9-8913-df4dafff426a,Hypotension,condition,condition,0.35,2,2,,The indicative of spinal shock is Hypotension.,The factor most likely to adversely affect long term outcome in poly-trauma patients with severe brain injury is intraoperative hypotension.,,,,,DEFER_NEEDS_REVIEW,0.5,low_support_ambiguous_label,,condition,,true,10
a02cb400-19e0-45e1-837a-64c977bcb98d,serendipity,imaging_finding,condition,0.35,2,2,SnapOrtho::CasePrep|SnapOrtho::CasePrep::brobot_decks_distal_radius_orif,Diagnosis of a sternoclavicular dislocation can be made with serendipity radiographic views .,The sternoclavicular (SC) joint is best visualized on Serendipity.,,,,,DEFER_NEEDS_REVIEW,0.5,low_support_ambiguous_label,,condition,,true,10
a23c04ab-1df3-4259-88f7-411f3e9b2da2,Flex,condition,condition,0.35,2,2,SnapOrtho::CasePrep|SnapOrtho::CasePrep::brobot_decks_distal_radius_orif,Three steps of FABER test includes Flex.,"The Lumbricals (Foot) action is Flex MTP joint, extend IP joint.",,,,,REJECT_NON_ENTITY,0.85,verb_fragment_answer_token,,,,false,10
a2db14b5-a991-47c9-8ef4-b2d6f0ceee81,Adduct scapula,condition,anatomy_structure,0.9,2,2,SnapOrtho::CasePrep|SnapOrtho::CasePrep::brobot_decks_distal_radius_orif,The Rhomboid minor action is Adduct scapula.,The Rhomboid major action is Adduct scapula.,,,,,REJECT_NON_ENTITY,0.85,verb_fragment_answer_token,,,,false,10
a3e175c2-fbed-407a-8282-e0926f75866e,Foot,condition,condition,0.35,2,2,SnapOrtho::CasePrep|SnapOrtho::CasePrep::brobot_decks_distal_radius_orif,L4/L5/S1 - Foot.,How are the bones numbered in the AO/OTA classification 8) Foot.,,,,,DEFER_NEEDS_REVIEW,0.5,low_support_ambiguous_label,,condition,,true,10
a408a805-50f7-4b4b-8655-83f8c5a93b8f,Cavus,condition,condition,0.35,2,2,,The order of clubfoot deformity correction with the ponseti method is Cavus.,What deformities (4) characterize a cavovarus foot Cavus.,,,,,DEFER_NEEDS_REVIEW,0.5,low_support_ambiguous_label,,condition,,true,10
a51c7359-961d-4caf-8bfc-3a4fc07440e6,Yergason,condition,exam_maneuver,0.85,2,2,SnapOrtho::CasePrep|SnapOrtho::CasePrep::brobot_decks_distal_radius_orif,"Yergason, physical exam maneuver, helps evaluate for biceps tendinitis.",The two physical exam maneuvers used to test the proximal biceps are Yergason.,,,,,PROMOTE_CANONICAL,0.7,reusable_label_multi_claim_support,Yergason,exam_maneuver,,true,10
a5f3daaa-cd17-458e-89fe-46e52afc791f,Stable,condition,condition,0.35,2,2,SnapOrtho::CasePrep|SnapOrtho::CasePrep::brobot_decks_distal_radius_orif,Stable femoral shaft fractures are typically transverse or short ; whereas unstable fractures are oblique or comminuted .,"Tile classification for pelvic ring fractures : A: Stable B: Rotationally unstable, vertically stable C: Rotationally and vertically unstable.",,,,,DEFER_NEEDS_REVIEW,0.5,low_support_ambiguous_label,,condition,,true,10
a6b1cdd4-2e61-4dd9-8cde-6180ba809353,Inferior gluteal,condition,condition,0.35,2,2,SnapOrtho::CasePrep|SnapOrtho::CasePrep::brobot_decks_distal_radius_orif,The Gluteus maximus is innervated by Inferior gluteal.,Hip extension is controlled by the inferior gluteal nerve.,,,,,PROMOTE_CANONICAL,0.7,reusable_label_multi_claim_support,Inferior gluteal,condition,,true,10
a7c5dc27-f08c-4fbc-8339-5865617c5473,Anterosuperior,condition,condition,0.35,2,2,SnapOrtho::CasePrep|SnapOrtho::CasePrep::brobot_decks_distal_radius_orif,Labral tears in Anterosuperior are most common with FAI.,The two surgical approaches for reverse total shoulder arthroplasty are Anterosuperior.,,,,,DEFER_NEEDS_REVIEW,0.5,low_support_ambiguous_label,,condition,,true,10
ac334c63-8dca-40e7-8a70-9ca5543a2ca0,Gastrocnemius,condition,anatomy_structure,0.9,2,2,SnapOrtho::CasePrep|SnapOrtho::CasePrep::brobot_decks_distal_radius_orif,The structures (3) within the posterior compartment of the leg are Gastrocnemius.,Contracture of Gastrocnemius is commonly seen in the setting of a cavovarus foot.,,,,,PROMOTE_CANONICAL,0.7,reusable_label_multi_claim_support,Gastrocnemius,anatomy_structure,,true,10
acff582c-ce03-4bf6-853b-55528dc090b6,proliferative,condition,condition,0.35,2,2,SnapOrtho::CasePrep|SnapOrtho::CasePrep::brobot_decks_distal_radius_orif,"To attain longitudinal growth, chondryocytes divide and stack into columns within the proliferative zone.","Growth hormone acts preferentially at the proliferative zone, where it stimulates longitudinal bone growth .",,,,,DEFER_NEEDS_REVIEW,0.5,low_support_ambiguous_label,,condition,,true,10
ad33bf2a-39cc-4c2e-8d66-9585dec3b639,Plantarflexion and eversion,condition,biomechanics_concept,0.8,2,2,SnapOrtho::CasePrep|SnapOrtho::CasePrep::brobot_decks_distal_radius_orif,The function of the peroneus longus tendon is Plantarflexion and eversion.,The function of the peroneus brevis tendon is Plantarflexion and eversion.,,,,,REJECT_CONTEXT_DEPENDENT,0.7,composite_conjunction_label,,,,false,10
ad3bebf6-13de-4c52-8ee6-b2fc1ea32095,Laterally,condition,condition,0.35,2,2,,Is a discoid meniscus more common medially or laterally Laterally.,A varus knee will deviate laterally to the mechanical axis.,,,,,DEFER_NEEDS_REVIEW,0.5,low_support_ambiguous_label,,condition,,true,10
ad6657a4-0464-4008-82d9-51a88b038e50,Pubic ramus,condition,anatomy_structure,0.6,2,2,SnapOrtho::CasePrep|SnapOrtho::CasePrep::brobot_decks_distal_radius_orif,"The Adductor Magnus originates from Pubic ramus, ischial tubercle.",The Gracilis originates from Pubic ramus.,,,,,PROMOTE_CANONICAL,0.7,reusable_label_multi_claim_support,Pubic ramus,anatomy_structure,,true,10
b3c91bb0-4cd7-43db-8734-e9d237d0fb8d,2 cortical diameters,condition,condition,0.35,2,2,SnapOrtho::CasePrep|SnapOrtho::CasePrep::brobot_decks_distal_radius_orif,"When revising a femoral stem with an associated cortical defect s/p THA, the femoral stem must bypass the most distal defect by 2 cortical diameters.","When treating a periprosthetic fracture , fixation must bypass the fracture site by 2 cortical diameters.",,,,,REJECT_CONTEXT_DEPENDENT,0.7,count_or_clause_shaped_label,,,,false,10
b53f2288-8b8b-40b0-8f73-2e05f2a6cca8,Adducts thigh,condition,condition,0.35,2,2,SnapOrtho::CasePrep|SnapOrtho::CasePrep::brobot_decks_distal_radius_orif,The Adductor longus action is Adducts thigh.,The Adductor brevis action is Adducts thigh.,,,,,PROMOTE_CANONICAL,0.7,reusable_label_multi_claim_support,Adducts thigh,condition,,true,10
b596be82-e002-4237-89d3-7024d12dd6f6,Tibial tubercle,condition,anatomy_structure,0.9,2,2,SnapOrtho::CasePrep|SnapOrtho::CasePrep::brobot_decks_distal_radius_orif,Tibial component rotation can be referenced using Tibial tubercle.,The ogden classification is Tibial tubercle.,,,,,PROMOTE_CANONICAL,0.7,reusable_label_multi_claim_support,Tibial tubercle,anatomy_structure,,true,10
b64b099b-66cb-46d5-8c5b-7bbeffcf84ca,ECU and Anconeus,condition,anatomy_structure,0.9,2,2,SnapOrtho::CasePrep|SnapOrtho::CasePrep::brobot_decks_distal_radius_orif,The interval for the Kocher approach of the forearm is ECU and Anconeus.,The Kocher approach is a lateral approach to the elbow between ECU and anconeus.,,,,,REJECT_CONTEXT_DEPENDENT,0.7,composite_conjunction_label,,,,false,10
b73f3b36-4fa4-4a45-849d-f91b78e0873f,Osteoclasts,condition,condition,0.35,2,2,,Osteoclasts Osteoclasts.,The Arg-Gly-Asp (RGD) sequence of extracellular bone proteins allows binding of integrins on the surface of osteoclasts.,,,,,DEFER_NEEDS_REVIEW,0.5,low_support_ambiguous_label,,condition,,true,10
