proposal_id,proposed_label,claims,cards,recommended_label,recommended_type,verdict,revised_label,revised_type,note
"9675f554-d7d2-401b-8ff0-652e844fee2c","Obturator","7","8","Obturator nerve","anatomy_structure","APPROVE","Obturator nerve","anatomy_structure",""
"2b9d854d-e462-4dd6-8b86-9440230d8cba","Tibial","7","7","Tibial nerve","anatomy_structure","APPROVE","Tibial nerve","anatomy_structure",""
"0bafc2db-1890-4b1c-8d03-b35704d78d89","Deep peroneal","6","6","Deep peroneal nerve","anatomy_structure","APPROVE","Deep peroneal nerve","anatomy_structure",""
"0fd81358-494f-42e5-893f-0f13ff18961f","Humerus","6","6","Humerus","anatomy_structure","APPROVE","Humerus","anatomy_structure",""
"7d7c5f57-9fa1-4d98-815d-2ba27fe3f2a3","Adduction","6","6","Adduction","biomechanics_concept","APPROVE","Adduction","biomechanics_concept",""
"8267ef38-9e2f-4b2b-85c1-cce6c066b142","Lateral plantar","6","5","Lateral plantar nerve","anatomy_structure","APPROVE","Lateral plantar nerve","anatomy_structure",""
"20d136a1-574b-4a2a-8c33-4a69e586f120","External rotation","5","6","External rotation","biomechanics_concept","APPROVE","External rotation","biomechanics_concept",""
"17907c6b-23fe-448e-86a7-93b1a414466f","Varus","5","5","Varus","biomechanics_concept","APPROVE","Varus","biomechanics_concept",""
"4f8722c9-bd08-46da-85c3-9fcace0b1e23","Musculocutaneous","5","5","Musculocutaneous nerve","anatomy_structure","APPROVE_MERGE","Musculocutaneous nerve","anatomy_structure","merge with Musculocutaneous nerve row: single promote + alias"
"7a4a2dfa-d653-4fdd-82b0-a5d39ba9e162","Abduction","5","5","Abduction","biomechanics_concept","APPROVE","Abduction","biomechanics_concept",""
"1c506ca6-d51c-43d1-8ee4-542c714bdb1b","Medial plantar","4","4","Medial plantar nerve","anatomy_structure","APPROVE","Medial plantar nerve","anatomy_structure",""
"2faf31cd-1245-467b-82e2-27683636c13a","Metatarsus adductus","4","4","Metatarsus adductus","condition","APPROVE","Metatarsus adductus","condition",""
"67c39906-a7e7-49f9-838c-bae12a55cfc6","Elbow dislocation","4","4","Elbow dislocation","condition","APPROVE","Elbow dislocation","condition",""
"80cded43-f6bc-454a-82ab-c56edb4803b7","Femoral anteversion","4","4","Femoral anteversion","biomechanics_concept","APPROVE","Femoral anteversion","biomechanics_concept",""
"8a441734-8dd9-4dbd-8f7e-abaafa28c24c","Supination","4","4","Supination","biomechanics_concept","APPROVE","Supination","biomechanics_concept",""
"c4664ceb-8076-435a-8837-22fce7aaca0e","Synostosis","4","4","Synostosis","condition","APPROVE","Synostosis","condition",""
"df141b50-ddde-4ba9-85a7-7872f36cb94e","Arthrodesis","4","4","Arthrodesis","procedure","APPROVE","Arthrodesis","procedure",""
"13d7edd1-4320-4bd3-8944-675b78831223","Excision","3","3","Excision","procedure","APPROVE","Excision","procedure","generic procedure; consistent with live generic procedures (I&D, fasciotomy)"
"186294ed-856a-4168-8e6f-a2f4c2245be8","medial epicondyle","3","3","medial epicondyle","anatomy_structure","APPROVE","medial epicondyle","anatomy_structure",""
"23ddd6de-0b40-40c6-8654-0c8d68a93c1f","Knee","3","3","Knee","anatomy_structure","APPROVE","Knee","anatomy_structure",""
"28657312-7879-4bb2-8837-f6e5e583499a","Plantar flex foot","3","3","Plantar flex foot","condition","REVISE","Plantar Flexion","biomechanics_concept","action phrase -> Plantar Flexion concept; alias keeps surface form"
"2fede6df-ca6a-4f6c-8b1a-fd84607f879f","Musculocutaneous nerve","3","3","Musculocutaneous nerve","anatomy_structure","APPROVE_MERGE","Musculocutaneous nerve","anatomy_structure","merge with Musculocutaneous row: single promote + alias"
"3612b16f-1d26-4354-814f-72739f4fed76","Lateral femoral cutaneous nerve","3","3","Lateral femoral cutaneous nerve","anatomy_structure","APPROVE","Lateral femoral cutaneous nerve","anatomy_structure",""
"4790ad46-7807-4f37-843c-9c1ed9cb4e0e","pronation","3","3","pronation","biomechanics_concept","APPROVE","pronation","biomechanics_concept",""
"54b14c05-0899-4fce-810d-93bc38f000e8","Base of 5th metatarsal","3","3","Base of 5th metatarsal","anatomy_structure","APPROVE","Base of 5th metatarsal","anatomy_structure",""
"57a7145a-bd8b-44f3-8930-b990c96005ee","Scapula","3","3","Scapula","anatomy_structure","APPROVE","Scapula","anatomy_structure",""
"6e9371d5-0394-498b-869d-94492dc59a2a","Medial cuneiform","3","3","Medial cuneiform","anatomy_structure","APPROVE","Medial cuneiform","anatomy_structure",""
"7368f3c8-4a32-476f-82d8-c11576f2bdb8","Linea aspera","3","3","Linea aspera","anatomy_structure","APPROVE","Linea aspera","anatomy_structure",""
"7f19bd0d-a2fa-4c4c-813c-7d643aff8dc2","Lateral epicondyle","3","3","Lateral epicondyle","anatomy_structure","APPROVE","Lateral epicondyle","anatomy_structure",""
"814f7e5d-47c6-4d1e-88cb-09193bc07dad","Nerve to obturator internus","3","3","Nerve to obturator internus","anatomy_structure","APPROVE","Nerve to obturator internus","anatomy_structure",""
"94aa3313-c278-4d81-8168-e7636ac31f6c","IT band","3","3","IT band","anatomy_structure","APPROVE","IT band","anatomy_structure",""
"962cd7a5-f86c-4a7f-8aea-f09a8ded1116","semimembranosus","3","3","semimembranosus","anatomy_structure","APPROVE","semimembranosus","anatomy_structure",""
"a8df4b8e-1141-49cb-8acd-31cd56bc64ce","Suprascapular nerve","3","3","Suprascapular nerve","anatomy_structure","APPROVE","Suprascapular nerve","anatomy_structure",""
"b3dd7430-ffab-47cf-85a7-6f64024e91f7","posterior wall","3","3","posterior wall","condition","DEFER","","","fragment (wall of what?); confirm acetabular ctx before aliasing"
"bd8f6429-86c2-48d7-8e84-7345e9ab950f","valgus","3","3","valgus","biomechanics_concept","APPROVE","valgus","biomechanics_concept",""
"beffdbb1-2202-4543-8865-ca67463bb5f9","Dorsal scapular","3","3","Dorsal scapular","condition","REVISE","Dorsal scapular nerve","anatomy_structure",""
"c3721bf3-f541-4d07-8c37-ea098790aaa6","Annular ligament","3","3","Annular ligament","anatomy_structure","APPROVE","Annular ligament","anatomy_structure",""
"e99d4a2f-8120-4a51-800b-5089de8328c9","Ischial tuberosity","3","3","Ischial tuberosity","anatomy_structure","APPROVE","Ischial tuberosity","anatomy_structure",""
"e9dd1faf-6123-4b39-8454-05f34753f1bd","Tibial torsion","3","3","Tibial torsion","condition","REVISE","Tibial torsion","biomechanics_concept",""
"f0501643-9ac1-4bc6-8ca1-05aae6e07c44","Hawkins","3","3","Hawkins","exam_maneuver","REVISE","Hawkins Sign","imaging_finding","radiographic lucency ctx -> imaging_finding; alias Hawkins sign only (no bare Hawkins)"
"0492168b-a424-4c13-8629-707e9bf2a814","Internal rotation","2","2","Internal rotation","biomechanics_concept","APPROVE","Internal rotation","biomechanics_concept",""
"050be074-cc0a-4cf2-80ef-4770eadb7caf","1st metatarsal","2","2","1st metatarsal","anatomy_structure","APPROVE","1st metatarsal","anatomy_structure",""
"0787bb6e-e319-46ca-84c2-98a0ecbee9b2","Posterior column","2","2","Posterior column","condition","DEFER","","","fragment; confirm acetabular ctx"
"08e79d34-1b5c-4a8c-8e87-622dbac7bdec","CN XI","2","2","CN XI","condition","REVISE","Spinal Accessory Nerve","anatomy_structure","cranial nerve; canonical full form + CN XI alias"
"09222ff1-6a0a-4764-87f2-2d0deea080c2","Incompetent radioscaphocapitate ligament","2","2","Incompetent radioscaphocapitate ligament","anatomy_structure","REVISE","Radioscaphocapitate Ligament","anatomy_structure","promote the structure; incompetence is claim-level state"
"0bcd2a5d-4f87-4d2e-8135-56bbecb34fe4","Superior peroneal retinaculum","2","2","Superior peroneal retinaculum","anatomy_structure","APPROVE","Superior peroneal retinaculum","anatomy_structure",""
"0e8094e7-93ba-498b-8558-0e2ae24e3cef","Speed","2","2","Speed","exam_maneuver","REVISE","Speed Test","exam_maneuver",""
"12bf2cf0-99a8-4490-8598-db04205c4666","Base of thumb","2","2","Base of thumb","anatomy_structure","APPROVE","Base of thumb","anatomy_structure",""
"13e09429-be60-469d-88ba-2f26dc1f9e49","Coronoid tip fracture","2","2","Coronoid tip fracture","condition","APPROVE","Coronoid tip fracture","condition",""
"1406f022-475a-4d9b-8c3f-0a0feb420120","Wrist flexion","2","2","Wrist flexion","biomechanics_concept","APPROVE","Wrist flexion","biomechanics_concept",""
"14eb30e7-f0a9-4227-8af9-fa16e073a0ce","dorsiflexion","2","2","dorsiflexion","biomechanics_concept","APPROVE","dorsiflexion","biomechanics_concept",""
"16963888-56df-48ce-8941-3e1d95d2ccdc","autosomal dominant","2","2","autosomal dominant","condition","REJECT","","","genetics; out of ortho ontology scope"
"1cea134d-7cdf-48e8-8fe4-00ad888d7779","<10 years old","2","2","<10 years old","condition","REJECT","","","age criterion, not an entity"
"1d8d73fa-eb72-4e57-8371-2643bcb54a85","sequestrum","2","2","sequestrum","condition","APPROVE","sequestrum","condition",""
"1ec81487-a561-4dfa-8169-9a2a34295732","Femoral origin","2","2","Femoral origin","condition","REJECT","","","site descriptor (attachment), not standalone entity"
