proposal_id,proposed_label,claims,target_label,target_id,target_type,score,verdict,note
"af6cf0c6-8704-4159-8574-c4fc0ffcc6d2","Femoral","10","Femoral Nerve","0bb7c697-1b07-40bd-80e1-484e46ef6d98","anatomy_structure","0.7","APPROVE",""
"b9dac7b9-a638-4407-8ecd-aebc84ae0c8d","Median","9","Median Nerve","b8c22ec6-1383-4b7e-ae89-a4e598722eb6","anatomy_structure","0.7","APPROVE",""
"ac38bbd3-fce8-4315-851a-78619c8119a4","Ulnar","7","Ulnar Nerve","cd78780a-9a5d-4838-aa0b-fe8d0a642a06","anatomy_structure","0.7","APPROVE",""
"75f770db-7355-45c5-8eff-aee213816dea","Radial-PIN","6","PIN","72031bf2-a184-4835-88c9-117c16a3f69b","anatomy_structure","0.7","APPROVE","approve; PIN nerve-sense verified via live linked claims"
"11dee81d-fda4-42e5-860a-ba7e8864be7a","ORIF","5","ORIF","7d8332ef-a3c6-4db0-9383-0b2a4c85b366","fixation_method","1.75","APPROVE_WITH_RETARGET","RETARGETED to 7d8332ef (referenced copy); orphan cde42d55 to governance merge"
"34c379ba-8c0b-42f8-8185-61feca2fa725","Ceramic on ceramic","3","Ceramic-on-Ceramic Bearing","355d7cfc-21ca-485c-ae57-ecc1f7bf3c67","biomechanics_concept","0.9","APPROVE",""
"6836c6e5-a18e-45e1-8173-f358e8187798","Radial head fracture","3","Radial Head Fractures","399392d1-9aa8-4225-a654-a6ed257ce030","condition","1.75","APPROVE",""
"02dd1574-9026-44ea-8f8e-15775da193de","Post-traumatic arthritis","2","Post-traumatic Arthritis","3a7faaa8-2ea0-47a4-8c4b-bb39c2031387","complication","1.75","APPROVE",""
"1b6682f6-458c-465a-8b05-d7e0630e14d5","Heterotopic ossification","2","Heterotopic Ossification","5615fbfc-446d-4706-9d1a-8788b6efadba","complication","1.75","APPROVE",""
"1b943850-0476-42e8-8672-2d3854771af1","Pelvic incidence","2","Pelvic Incidence","3c35b35a-a63d-4590-b02c-f20fac819873","biomechanics_concept","1.75","APPROVE",""
"32fc83a2-d150-4501-8eac-2ade0536cf89","Superficial peroneal","2","Superficial Peroneal Nerve","5a16b93a-d689-4dc3-bd29-7e0b5d9a4298","anatomy_structure","0.9","APPROVE",""
"57abeaa2-eee5-4fcc-8462-0561c02c622b","Deep posterior","2","Deep Posterior Compartment","fe5a6bf7-94b6-4cff-8338-fb3cb041d1db","anatomy_structure","0.7","APPROVE",""
"808eec22-30d5-493b-8825-78841f4ecfec","pelvic tilt","2","Pelvic Tilt (Spinopelvic)","674b8c98-e8a8-4019-94e1-8b6f03aa78f2","biomechanics_concept","1.55","APPROVE",""
"a1fc1b25-9ff4-4d8e-8d2a-32dcf6ab540c","PCL","2","Posterior Cruciate Ligament","ffca4b51-3055-40f8-b65e-771336fbf194","anatomy_structure","0.65","APPROVE","approve (weak ctx); no competing PCL sense in ortho"
"ba291f4d-6135-4605-8e1d-7752a5086df0","FDP tendons","2","FDP","f7b1d430-204f-40a3-b926-c9412a1bf23b","anatomy_structure","0.7","APPROVE",""
"02305e94-8f45-43bd-843a-6b77bd4b8a61","Posterior Interosseous Nerve","1","PIN","72031bf2-a184-4835-88c9-117c16a3f69b","anatomy_structure","0.65","APPROVE","approve; PIN nerve-sense verified via live linked claims"
"0735fc77-2a0f-4447-8a05-a8d543225de1","Closed reduction","1","Closed Reduction","b3e3812d-f6e1-431e-a186-95c8109cd3c0","procedure","1.75","APPROVE",""
"0985439d-b0ef-48f9-8c85-6e9b52bb677d","Sides of middle phalanges","1","Middle Phalanx","f6c55355-6880-48e7-b0f5-ea0a21c11624","anatomy_structure","0.7","APPROVE",""
"0a4f9ff2-2503-4434-87a5-9e9984849d48","Modified Stoppa","1","Modified Stoppa Approach","b2f00d0b-15d3-4cc5-9b9f-57e28cc244de","surgical_approach","0.65","APPROVE",""
"0edf372e-5632-4b32-8e6a-da22f0724f66","soft-tissue sarcoma","1","Soft Tissue Sarcoma","c9ad3211-67dd-4105-8947-cdbca3303c00","condition","1.75","APPROVE",""
"1f7efe3a-a703-4533-887e-b65e0e549810","Pelvic fracture","1","Pelvic Ring Fractures","d5a20e53-677b-4198-afbe-ab3781de60bd","condition","0.9","APPROVE","approve; mild over-narrow (ring-only) noted; acetabular separately proposed"
"22e7f8af-5bfc-4207-8e6d-68fdb06b8842","Total hip arthroplasty","1","Total Hip Arthroplasty","7dcf3b4a-01d4-469d-92c0-3996fcd122ff","procedure","1.75","APPROVE",""
"270bfe88-90a7-4266-8545-09c5bdc52c58","Joint stiffness","1","Joint Stiffness","cc9389f6-c8b8-4ad6-b792-3ba576d3dd5c","complication","1.75","APPROVE",""
"292a77b1-5ddc-4bff-83b5-d2966c8be760","Hawkins Classification","1","Hawkins Classification","8e41ae39-0b8a-4d22-ae8b-4948c7fbc090","classification_system","1.5","APPROVE",""
"33aa3f3e-1614-4a56-8870-754e7c4e87c9","chondrosarcoma","1","Chondrosarcoma","2d58244f-c48d-4e58-96f6-915910f7fb6f","condition","1.75","APPROVE",""
"3f51c571-ba60-4e11-8aff-cb06170201f7","Medial parapatellar","1","Medial Parapatellar Approach","126c952c-a601-4415-ae25-50838698eeb2","surgical_approach","0.9","APPROVE",""
"428e7cfc-f789-404a-822a-b6a30d8a40cd","Volar (Henry) approach","1","Volar Henry Approach","e0f2d92f-149f-49ac-9dda-4f9b8c63974c","surgical_approach","1.75","APPROVE",""
"45c7cdb1-6073-4110-87ae-79b7ff55cc5d","Kocher-Langenbeck","1","Kocher-Langenbeck Approach","be3d174c-d927-4f47-8f1b-d280d5002a4c","surgical_approach","0.9","APPROVE",""
"4806217e-c179-4074-8b87-97558bf1de3f","ACL","1","Anterior Cruciate Ligament","850e2c40-054b-487f-9089-6ac253f787a2","anatomy_structure","0.65","APPROVE",""
"4b0a6430-1124-4309-8f14-6f63b1c32f4e","Pseudotumor","1","Pseudotumor (MoM)","35d4cc42-c5fc-4e6e-b644-49ce4c99ca49","imaging_finding","1.3","APPROVE","approve; MoM target exactly matches metal-ion ctx"
"4d2e4f82-4c72-4c3d-8944-909fb79aad3b","Rheumatoid arthritis","1","Rheumatoid Arthritis","113a09cf-8e76-4064-aced-6e7f17511dd7","condition","1.75","APPROVE",""
"50628021-13cc-460e-8f8a-7349b9eb3a3c","Acetabular fracture","1","Acetabular Fracture","5ac4182a-84f7-4d11-9145-4aa115a51dee","condition","1.75","APPROVE_WITH_RETARGET","RETARGETED to singular survivor 5ac4182a per governance; plural copy 111d682a to merge"
"518771fc-c2cc-46f8-8f23-c70e2d420c70","Open fractures","1","Open Fracture","8018e315-5735-4b78-a96a-fc24f7d22d75","condition","1.75","APPROVE",""
"5452ba09-33d8-4852-8156-b0714973ce87","TUBS","1","Traumatic Anterior Shoulder Instability (TUBS)","e1972ce6-924c-4834-95cd-215fb79a7df7","condition","1.1","APPROVE",""
"567a3b91-7150-43d5-8e29-c2d246321f32","Patella Baja","1","Patella Baja","01153d57-006a-4660-b3d4-3b57a59db2c3","complication","1.75","APPROVE",""
"5c6290c1-e06d-44a8-85cd-49b933533504","Lateral center-edge angle","1","Lateral Center-Edge Angle","c4f2b88b-f4dd-4563-8314-02c92279f118","biomechanics_concept","1.75","APPROVE",""
"5d4b21a4-3e3d-4b12-8f95-7eba2fce05e5","trigger finger","1","Trigger Finger","a3557866-6c88-4e23-8f00-4fdb6686714c","condition","1.75","APPROVE",""
"5ddf15c8-c576-4994-8e70-5e0601278d10","posterior wall fracture","1","Posterior Wall Acetabular Fracture","91b4069d-c414-425e-b4d8-4fa01a633a5f","imaging_finding","0.65","APPROVE","approve identity; TARGET type suspect (imaging_finding for a fracture) -> type queue"
"60066e67-3af5-4c46-8309-f20fe3fb8c3f","Gartland Classification","1","Gartland Classification","ec500e42-cb3c-4eec-aea9-03ff0c629b2a","classification_system","1.75","APPROVE",""
"6bc0a684-8992-4036-88c2-e7910436821b","chondrosarcomas","1","Chondrosarcoma","2d58244f-c48d-4e58-96f6-915910f7fb6f","condition","1.75","APPROVE",""
"6e8d65e1-a37e-4b87-8b68-2e9be19b1f73","Adjacent segment disease","1","Adjacent Segment Disease","3d08c998-cd1a-47dc-a6cc-513584b658fe","complication","1.75","APPROVE",""
"6f8c9aed-66a0-4b51-8a7f-3b56bf99dad6","Essex-Lopresti injury","1","Essex Lopresti Injury","34a88d3b-8bbd-47b3-8520-269bbd6813e7","condition","1.75","APPROVE",""
"7054c7d9-bac6-471f-8b76-43c885a29900","Aseptic loosening","1","Aseptic Loosening","24679804-a0a2-4d1e-bacf-2e7f87526591","complication","1.75","APPROVE",""
"74d03ed0-b31e-4d3c-8fc1-630ca1361023","Emergent Fasciotomy","1","Emergent Fasciotomy","e6412a62-ebbb-4ae9-ba0b-5224c9d9fa97","procedure","1.75","APPROVE",""
"78639de5-db66-4404-8e21-92c8e69e14c4","Proximal phalanges","1","Proximal Phalanx","7174f760-664c-4873-8778-fc7c36db796d","anatomy_structure","1.75","APPROVE",""
"7c72af69-8e5e-4b2e-85f1-44380a58ed23","Flexor digitorum superficialis","1","FDS","a61498d3-73af-40bc-839e-0ab4d0f6682b","anatomy_structure","0.65","APPROVE",""
"7f0e9a80-9955-456e-8779-63bab1df6d5d","Cubitus Varus","1","Cubitus Varus","936dd138-1dce-4fb5-b9c7-37bcb24b06f9","complication","1","APPROVE",""
"84fed5ff-89ff-47cf-837b-467fd87f6254","Implant loosening","1","Implant Loosening","52ca1f3f-9e23-42e2-a641-38929c76c36a","complication","1.75","APPROVE",""
"876cb3bb-f629-4e04-87ea-669f2e598764","Flexor carpi radialis","1","FCR","5f3c0369-f4e6-4438-903c-57bf479ba633","anatomy_structure","0.65","APPROVE",""
"8a282f0c-d8aa-42c2-8123-90cdabb2d6a5","Young-Burgess Classification","1","Young-Burgess Classification","d7d064ac-535a-4552-9b6e-74d30223a9a9","classification_system","1.75","APPROVE",""
"8ba0c911-c9a0-41c1-81a4-7ddc85d72768","Rheumatoid Arthritis","1","Rheumatoid Arthritis","113a09cf-8e76-4064-aced-6e7f17511dd7","condition","1.75","APPROVE",""
"8fb0fd2a-fdef-4049-820a-fdb54790d411","lateral center-edge angle","1","Lateral Center-Edge Angle","c4f2b88b-f4dd-4563-8314-02c92279f118","biomechanics_concept","1.75","APPROVE",""
"9f3156a6-364b-403d-8a93-b7e949dcddb5","femoral stem","1","Femoral Stem","295bbb48-55c8-4ef9-8171-44b685c0f641","implant","1.75","APPROVE",""
"a22fad18-ea24-4494-8841-9c7949b85e83","Open fracture","1","Open Fracture","8018e315-5735-4b78-a96a-fc24f7d22d75","condition","1.75","APPROVE",""
"a2ce0a82-fcfe-4a7d-88c5-c5e9bd3de05d","avascular necrosis","1","Avascular Necrosis","ad56b2f5-a51e-4abd-aa7e-85196b082c42","complication","1.75","APPROVE",""
"a34a2fbb-82d3-491b-827b-0c8d9d85369f","Middle phalanges of digits","1","Middle Phalanx","f6c55355-6880-48e7-b0f5-ea0a21c11624","anatomy_structure","0.7","APPROVE",""
"a49f5863-cdfa-4198-8726-e5c845afb54c","Compartment syndrome","1","Compartment Syndrome","93659f1e-ac33-4107-ae7c-ddf4e1e57dec","condition","1.75","APPROVE",""
"ae68e80b-cc5c-4512-83d0-8d6766ddef71","Prosthetic joint infection","1","Prosthetic Joint Infection","cc32146d-a71f-450e-9491-2d03b6c2ce6a","condition","1.75","APPROVE",""
"bc190e8f-5f7c-4d4d-8b45-57ae40b6710b","Extensor carpi ulnaris","1","ECU","40a424b0-9add-40f7-b141-8ca3b548ed15","anatomy_structure","0.65","APPROVE",""
"bd30a933-7563-40cc-8fb5-1aef93d76177","Supracondylar Humerus Fracture","1","Supracondylar Humerus Fracture","1aff5d3f-5b92-4724-9d8f-530e22410ebd","condition","1.75","APPROVE",""
"c6d2e06d-34d0-4c6f-86dd-7628a21b2882","Anterior talofibular","1","Anterior Talofibular Ligament","84ae62dc-cf45-492b-8872-e54696aa7ef3","anatomy_structure","0.9","APPROVE",""
"d66c1b7a-56ff-4500-8c91-db93c32418e3","Flexor carpi ulnaris","1","FCU","52df6b06-b4c2-484c-9bbd-fb7765763097","anatomy_structure","0.65","APPROVE",""
"e0763b8a-7f33-4c11-85a4-8578b82d0629","Insall-Salvati ratio","1","Insall-Salvati Ratio","718cd5b4-fbe0-433d-9539-7e941e8643f8","biomechanics_concept","1.75","APPROVE",""
"e12bcb94-b7cf-42b5-8f64-fc4e49304790","MCL","1","Medial Collateral Ligament","6ae60b9d-4932-4fe1-bba8-d8fa87b9528a","anatomy_structure","0.65","APPROVE","UPHOLD joint-ambiguous tradeoff (elbow ctx); needs joint-sense split (governance)"
"e19b9be9-d14a-48e7-83da-ddd0b06645af","Post-traumatic arthritis","1","Post-traumatic Arthritis","3a7faaa8-2ea0-47a4-8c4b-bb39c2031387","complication","1.75","APPROVE",""
"e27cf139-7642-48ee-8183-fc8b11198149","Superficial posterior","1","Superficial Posterior Compartment","f3ef0b57-ed5a-4ffa-9dde-e27d2e09e47a","anatomy_structure","0.9","APPROVE",""
"e7706bad-42fc-4a8f-82f7-403767bd399a","Olecranon fracture","1","Olecranon Fractures","f936ca90-2b0d-4a6d-b5a9-a1e170d1b23a","condition","1.75","APPROVE",""
"e7e5938f-3d75-488b-8192-3d8d143cee76","DRUJ instability","1","Druj Instability","5e718cb1-2795-47ba-afdd-254c36c60d1e","condition","1.75","APPROVE",""
"f3114a04-7323-4cc9-84f3-71a2a8da1caa","Giant cell tumor","1","Giant Cell Tumor","7aa655bc-2f57-4723-b7c5-45a4de464e52","condition","1.75","APPROVE",""
"f4493394-1441-489d-8863-e1c7de865a14","arthrofibrosis","1","Arthrofibrosis","85e325d4-cf65-4846-880d-22a51074e841","complication","1.75","APPROVE",""
"fc9959a6-f9bb-4cd0-8eb6-2963c65c290c","Elbow stiffness","1","Elbow Stiffness","d7d9373f-94f5-48f2-8bcd-c80c4a10a269","complication","1.75","APPROVE",""
"fd6cc2f7-9a06-4a4a-8bb5-4dca2e53f928","ceramic-on-ceramic","1","Ceramic-on-Ceramic Bearing","355d7cfc-21ca-485c-ae57-ecc1f7bf3c67","biomechanics_concept","0.9","APPROVE",""
